Tournament,Stage,Match Type,Match Name,Team A,Team B,Team A Score,Team B Score,Match Result,Match Date
Valorant Champions 2021,Group Stage,Opening (D),Vision Strikers vs FULL SENSE,Vision Strikers,FULL SENSE,2,0,Vision Strikers won,
Valorant Champions 2021,Group Stage,Opening (C),Team Vikings vs Crazy Raccoon,Team Vikings,Crazy Raccoon,2,0,Team Vikings won,
Valorant Champions 2021,Group Stage,Opening (D),FNATIC vs Cloud9,FNATIC,Cloud9,2,1,FNATIC won,
Valorant Champions 2021,Group Stage,Opening (C),Gambit Esports vs Team Secret,Gambit Esports,Team Secret,2,1,Gambit Esports won,
Valorant Champions 2021,Group Stage,Opening (B),Sentinels vs FURIA,Sentinels,FURIA,2,1,Sentinels won,
Valorant Champions 2021,Group Stage,Opening (B),KRÜ Esports vs Team Liquid,KRÜ Esports,Team Liquid,0,2,Team Liquid won,
Valorant Champions 2021,Group Stage,Winner's (D),Vision Strikers vs FNATIC,Vision Strikers,FNATIC,1,2,FNATIC won,
Valorant Champions 2021,Group Stage,Opening (A),ENVY vs X10 Esports,ENVY,X10 Esports,2,0,ENVY won,
Valorant Champions 2021,Group Stage,Winner's (C),Gambit Esports vs Team Vikings,Gambit Esports,Team Vikings,2,1,Gambit Esports won,
Valorant Champions 2021,Group Stage,Winner's (B),Team Liquid vs Sentinels,Team Liquid,Sentinels,2,1,Team Liquid won,
Valorant Champions 2021,Group Stage,Opening (A),Acend vs Keyd Stars,Acend,Keyd Stars,2,1,Acend won,
Valorant Champions 2021,Group Stage,Elimination (C),Team Secret vs Crazy Raccoon,Team Secret,Crazy Raccoon,2,0,Team Secret won,
Valorant Champions 2021,Group Stage,Elimination (B),KRÜ Esports vs FURIA,KRÜ Esports,FURIA,2,1,KRÜ Esports won,
Valorant Champions 2021,Group Stage,Elimination (D),FULL SENSE vs Cloud9,FULL SENSE,Cloud9,0,2,Cloud9 won,
Valorant Champions 2021,Group Stage,Winner's (A),Acend vs ENVY,Acend,ENVY,2,0,Acend won,
Valorant Champions 2021,Group Stage,Elimination (A),Keyd Stars vs X10 Esports,Keyd Stars,X10 Esports,0,2,X10 Esports won,
Valorant Champions 2021,Group Stage,Decider (B),Sentinels vs KRÜ Esports,Sentinels,KRÜ Esports,1,2,KRÜ Esports won,
Valorant Champions 2021,Group Stage,Decider (D),Vision Strikers vs Cloud9,Vision Strikers,Cloud9,1,2,Cloud9 won,
Valorant Champions 2021,Group Stage,Decider (C),Team Vikings vs Team Secret,Team Vikings,Team Secret,0,2,Team Secret won,
Valorant Champions 2021,Group Stage,Decider (A),ENVY vs X10 Esports,ENVY,X10 Esports,1,2,X10 Esports won,
Valorant Champions Tour Stage 3: Masters Berlin,Group Stage,Opening (A),Papara SuperMassive vs Acend,Papara SuperMassive,Acend,0,2,Acend won,
Valorant Champions Tour Stage 3: Masters Berlin,Group Stage,Group D,G2 Esports vs F4Q,G2 Esports,F4Q,2,1,G2 Esports won,
Valorant Champions Tour Stage 3: Masters Berlin,Group Stage,Opening (C),100 Thieves vs Liberty,100 Thieves,Liberty,2,0,100 Thieves won,
Valorant Champions Tour Stage 3: Masters Berlin,Group Stage,Opening (A),Vision Strikers vs Paper Rex,Vision Strikers,Paper Rex,2,0,Vision Strikers won,
Valorant Champions Tour Stage 3: Masters Berlin,Group Stage,Opening (C),Gambit Esports vs Crazy Raccoon,Gambit Esports,Crazy Raccoon,2,0,Gambit Esports won,
Valorant Champions Tour Stage 3: Masters Berlin,Group Stage,Opening (B),Keyd Stars vs ENVY,Keyd Stars,ENVY,0,2,ENVY won,
Valorant Champions Tour Stage 3: Masters Berlin,Group Stage,Opening (B),KRÜ Esports vs ZETA DIVISION,KRÜ Esports,ZETA DIVISION,2,1,KRÜ Esports won,
Valorant Champions Tour Stage 3: Masters Berlin,Group Stage,Group D,Sentinels vs G2 Esports,Sentinels,G2 Esports,2,1,Sentinels won,
Valorant Champions Tour Stage 3: Masters Berlin,Group Stage,Winner's (C),Gambit Esports vs 100 Thieves,Gambit Esports,100 Thieves,1,2,100 Thieves won,
Valorant Champions Tour Stage 3: Masters Berlin,Group Stage,Winner's (B),ENVY vs KRÜ Esports,ENVY,KRÜ Esports,2,0,ENVY won,
Valorant Champions Tour Stage 3: Masters Berlin,Group Stage,Winner's (A),Vision Strikers vs Acend,Vision Strikers,Acend,2,0,Vision Strikers won,
Valorant Champions Tour Stage 3: Masters Berlin,Group Stage,Group D,F4Q vs Sentinels,F4Q,Sentinels,0,2,Sentinels won,
Valorant Champions Tour Stage 3: Masters Berlin,Group Stage,Group D,F4Q vs G2 Esports,F4Q,G2 Esports,0,2,G2 Esports won,
Valorant Champions Tour Stage 3: Masters Berlin,Group Stage,Elimination (B),Keyd Stars vs ZETA DIVISION,Keyd Stars,ZETA DIVISION,2,0,Keyd Stars won,
Valorant Champions Tour Stage 3: Masters Berlin,Group Stage,Elimination (C),Crazy Raccoon vs Liberty,Crazy Raccoon,Liberty,2,0,Crazy Raccoon won,
Valorant Champions Tour Stage 3: Masters Berlin,Group Stage,Elimination (A),Paper Rex vs Papara SuperMassive,Paper Rex,Papara SuperMassive,1,2,Papara SuperMassive won,
Valorant Champions Tour Stage 3: Masters Berlin,Group Stage,Group D,G2 Esports vs Sentinels,G2 Esports,Sentinels,2,0,G2 Esports won,
Valorant Champions Tour Stage 3: Masters Berlin,Group Stage,Decider (B),KRÜ Esports vs Keyd Stars,KRÜ Esports,Keyd Stars,2,0,KRÜ Esports won,
Valorant Champions Tour Stage 3: Masters Berlin,Group Stage,Decider (A),Acend vs Papara SuperMassive,Acend,Papara SuperMassive,2,1,Acend won,
Valorant Champions Tour Stage 3: Masters Berlin,Group Stage,Group D,Sentinels vs F4Q,Sentinels,F4Q,2,1,Sentinels won,
Valorant Champions Tour Stage 2: Masters Copenhagen,Group Stage,Opening (B),DRX vs NORTHEPTION,DRX,NORTHEPTION,2,0,DRX won,
Valorant Champions Tour Stage 2: Masters Copenhagen,Group Stage,Opening (A),LOUD vs KRÜ Esports,LOUD,KRÜ Esports,1,2,KRÜ Esports won,
Valorant Champions Tour Stage 2: Masters Copenhagen,Group Stage,Opening (A),OpTic Gaming vs Guild Esports,OpTic Gaming,Guild Esports,0,2,Guild Esports won,
Valorant Champions Tour Stage 2: Masters Copenhagen,Group Stage,Opening (B),FunPlus Phoenix vs XERXIA Esports,FunPlus Phoenix,XERXIA Esports,2,1,FunPlus Phoenix won,
Valorant Champions Tour Stage 2: Masters Copenhagen,Group Stage,Winner's (A),Guild Esports vs KRÜ Esports,Guild Esports,KRÜ Esports,2,1,Guild Esports won,
Valorant Champions Tour Stage 2: Masters Copenhagen,Group Stage,Winner's (B),FunPlus Phoenix vs DRX,FunPlus Phoenix,DRX,1,2,DRX won,
Valorant Champions Tour Stage 2: Masters Copenhagen,Group Stage,Elimination (B),XERXIA Esports vs NORTHEPTION,XERXIA Esports,NORTHEPTION,1,2,NORTHEPTION won,
Valorant Champions Tour Stage 2: Masters Copenhagen,Group Stage,Elimination (A),OpTic Gaming vs LOUD,OpTic Gaming,LOUD,2,1,OpTic Gaming won,
Valorant Champions Tour Stage 2: Masters Copenhagen,Group Stage,Decider (B),FunPlus Phoenix vs NORTHEPTION,FunPlus Phoenix,NORTHEPTION,2,0,FunPlus Phoenix won,
Valorant Champions Tour Stage 2: Masters Copenhagen,Group Stage,Decider (A),KRÜ Esports vs OpTic Gaming,KRÜ Esports,OpTic Gaming,0,2,OpTic Gaming won,
Valorant Champions Tour Stage 1: Masters Reykjavík,Group Stage,Opening (A),DRX vs ZETA DIVISION,DRX,ZETA DIVISION,2,0,DRX won,
Valorant Champions Tour Stage 1: Masters Reykjavík,Group Stage,Opening (B),KRÜ Esports vs Team Liquid,KRÜ Esports,Team Liquid,0,2,Team Liquid won,
Valorant Champions Tour Stage 1: Masters Reykjavík,Group Stage,Opening (B),OpTic Gaming vs XERXIA Esports,OpTic Gaming,XERXIA Esports,0,2,XERXIA Esports won,
Valorant Champions Tour Stage 1: Masters Reykjavík,Group Stage,Opening (A),FNATIC vs Ninjas In Pyjamas,FNATIC,Ninjas In Pyjamas,0,2,Ninjas In Pyjamas won,
Valorant Champions Tour Stage 1: Masters Reykjavík,Group Stage,Winner's (B),XERXIA Esports vs Team Liquid,XERXIA Esports,Team Liquid,1,2,Team Liquid won,
Valorant Champions Tour Stage 1: Masters Reykjavík,Group Stage,Winner's (A),Ninjas In Pyjamas vs DRX,Ninjas In Pyjamas,DRX,0,2,DRX won,
Valorant Champions Tour Stage 1: Masters Reykjavík,Group Stage,Elimination (B),OpTic Gaming vs KRÜ Esports,OpTic Gaming,KRÜ Esports,2,0,OpTic Gaming won,
Valorant Champions Tour Stage 1: Masters Reykjavík,Group Stage,Elimination (A),FNATIC vs ZETA DIVISION,FNATIC,ZETA DIVISION,0,2,ZETA DIVISION won,
Valorant Champions Tour Stage 1: Masters Reykjavík,Group Stage,Decider (B),XERXIA Esports vs OpTic Gaming,XERXIA Esports,OpTic Gaming,0,2,OpTic Gaming won,
Valorant Champions Tour Stage 1: Masters Reykjavík,Group Stage,Decider (A),Ninjas In Pyjamas vs ZETA DIVISION,Ninjas In Pyjamas,ZETA DIVISION,1,2,ZETA DIVISION won,
Valorant Champions Tour Stage 2: Masters Reykjavík,Main Event,Upper Round 1,FNATIC vs KRÜ Esports,FNATIC,KRÜ Esports,2,0,FNATIC won,
Valorant Champions Tour Stage 2: Masters Reykjavík,Main Event,Upper Round 1,Version1 vs Crazy Raccoon,Version1,Crazy Raccoon,2,0,Version1 won,
Valorant Champions Tour Stage 2: Masters Reykjavík,Main Event,Upper Quarterfinals,Sharks Esports vs NUTURN,Sharks Esports,NUTURN,1,2,NUTURN won,
Valorant Champions Tour Stage 2: Masters Reykjavík,Main Event,Upper Quarterfinals,Team Vikings vs X10 Esports,Team Vikings,X10 Esports,2,0,Team Vikings won,
Valorant Champions Tour Stage 2: Masters Reykjavík,Main Event,Upper Quarterfinals,Team Liquid vs Version1,Team Liquid,Version1,1,2,Version1 won,
Valorant Champions Tour Stage 2: Masters Reykjavík,Main Event,Upper Quarterfinals,Sentinels vs FNATIC,Sentinels,FNATIC,2,0,Sentinels won,
Valorant Champions Tour Stage 2: Masters Reykjavík,Main Event,Lower Round 1,X10 Esports vs Crazy Raccoon,X10 Esports,Crazy Raccoon,2,0,X10 Esports won,
Valorant Champions Tour Stage 2: Masters Reykjavík,Main Event,Lower Round 1,Sharks Esports vs KRÜ Esports,Sharks Esports,KRÜ Esports,0,2,KRÜ Esports won,
Valorant Champions Tour Stage 2: Masters Reykjavík,Main Event,Upper Semifinals,Sentinels vs Team Vikings,Sentinels,Team Vikings,2,0,Sentinels won,
Valorant Champions Tour Stage 2: Masters Reykjavík,Main Event,Upper Semifinals,Version1 vs NUTURN,Version1,NUTURN,1,2,NUTURN won,
Valorant Champions Tour Stage 2: Masters Reykjavík,Main Event,Lower Round 2,FNATIC vs X10 Esports,FNATIC,X10 Esports,2,0,FNATIC won,
Valorant Champions Tour Stage 2: Masters Reykjavík,Main Event,Lower Round 2,Team Liquid vs KRÜ Esports,Team Liquid,KRÜ Esports,2,0,Team Liquid won,
Valorant Champions Tour Stage 2: Masters Reykjavík,Main Event,Lower Round 3,Version1 vs FNATIC,Version1,FNATIC,0,2,FNATIC won,
Valorant Champions Tour Stage 2: Masters Reykjavík,Main Event,Lower Round 3,Team Vikings vs Team Liquid,Team Vikings,Team Liquid,0,2,Team Liquid won,
Valorant Champions Tour Stage 2: Masters Reykjavík,Main Event,Upper Final,Sentinels vs NUTURN,Sentinels,NUTURN,2,0,Sentinels won,
Valorant Champions Tour Stage 2: Masters Reykjavík,Main Event,Lower Round 4,FNATIC vs Team Liquid,FNATIC,Team Liquid,2,0,FNATIC won,
Valorant Champions Tour Stage 2: Masters Reykjavík,Main Event,Lower Final,NUTURN vs FNATIC,NUTURN,FNATIC,1,2,FNATIC won,
Valorant Champions Tour Stage 2: Masters Reykjavík,Main Event,Grand Final,Sentinels vs FNATIC,Sentinels,FNATIC,3,0,Sentinels won,
Valorant Champions 2021,Playoffs,Quarterfinals,Acend vs Team Secret,Acend,Team Secret,2,0,Acend won,
Valorant Champions 2021,Playoffs,Quarterfinals,Team Liquid vs Cloud9,Team Liquid,Cloud9,2,0,Team Liquid won,
Valorant Champions 2021,Playoffs,Quarterfinals,Gambit Esports vs X10 Esports,Gambit Esports,X10 Esports,2,1,Gambit Esports won,
Valorant Champions 2021,Playoffs,Quarterfinals,FNATIC vs KRÜ Esports,FNATIC,KRÜ Esports,1,2,KRÜ Esports won,
Valorant Champions 2021,Playoffs,Semifinals,Acend vs Team Liquid,Acend,Team Liquid,2,0,Acend won,
Valorant Champions 2021,Playoffs,Semifinals,Gambit Esports vs KRÜ Esports,Gambit Esports,KRÜ Esports,2,1,Gambit Esports won,
Valorant Champions 2021,Playoffs,Grand Final,Acend vs Gambit Esports,Acend,Gambit Esports,3,2,Acend won,
Valorant Champions Tour Stage 3: Masters Berlin,Playoffs,Quarterfinals,Vision Strikers vs Gambit Esports,Vision Strikers,Gambit Esports,1,2,Gambit Esports won,
Valorant Champions Tour Stage 3: Masters Berlin,Playoffs,Quarterfinals,G2 Esports vs KRÜ Esports,G2 Esports,KRÜ Esports,2,0,G2 Esports won,
Valorant Champions Tour Stage 3: Masters Berlin,Playoffs,Quarterfinals,100 Thieves vs Acend,100 Thieves,Acend,2,1,100 Thieves won,
Valorant Champions Tour Stage 3: Masters Berlin,Playoffs,Quarterfinals,ENVY vs Sentinels,ENVY,Sentinels,2,0,ENVY won,
Valorant Champions Tour Stage 3: Masters Berlin,Playoffs,Semifinals,Gambit Esports vs G2 Esports,Gambit Esports,G2 Esports,2,0,Gambit Esports won,
Valorant Champions Tour Stage 3: Masters Berlin,Playoffs,Semifinals,100 Thieves vs ENVY,100 Thieves,ENVY,0,2,ENVY won,
Valorant Champions Tour Stage 3: Masters Berlin,Playoffs,Grand Final,ENVY vs Gambit Esports,ENVY,Gambit Esports,0,3,Gambit Esports won,
Valorant Champions Tour Stage 2: Masters Copenhagen,Playoffs,Upper Quarterfinals,Paper Rex vs Guild Esports,Paper Rex,Guild Esports,2,0,Paper Rex won,
Valorant Champions Tour Stage 2: Masters Copenhagen,Playoffs,Upper Quarterfinals,FNATIC vs FunPlus Phoenix,FNATIC,FunPlus Phoenix,2,0,FNATIC won,
Valorant Champions Tour Stage 2: Masters Copenhagen,Playoffs,Upper Quarterfinals,LEVIATÁN vs DRX,LEVIATÁN,DRX,1,2,DRX won,
Valorant Champions Tour Stage 2: Masters Copenhagen,Playoffs,Upper Quarterfinals,XSET vs OpTic Gaming,XSET,OpTic Gaming,0,2,OpTic Gaming won,
Valorant Champions Tour Stage 2: Masters Copenhagen,Playoffs,Lower Round 1,Guild Esports vs FunPlus Phoenix,Guild Esports,FunPlus Phoenix,1,2,FunPlus Phoenix won,
Valorant Champions Tour Stage 2: Masters Copenhagen,Playoffs,Lower Round 1,LEVIATÁN vs XSET,LEVIATÁN,XSET,2,1,Leviatán won,
Valorant Champions Tour Stage 2: Masters Copenhagen,Playoffs,Upper Semifinals,Paper Rex vs FNATIC,Paper Rex,FNATIC,2,0,Paper Rex won,
Valorant Champions Tour Stage 2: Masters Copenhagen,Playoffs,Upper Semifinals,DRX vs OpTic Gaming,DRX,OpTic Gaming,1,2,OpTic Gaming won,
Valorant Champions Tour Stage 2: Masters Copenhagen,Playoffs,Lower Round 2,FNATIC vs LEVIATÁN,FNATIC,LEVIATÁN,2,1,FNATIC won,
Valorant Champions Tour Stage 2: Masters Copenhagen,Playoffs,Lower Round 2,DRX vs FunPlus Phoenix,DRX,FunPlus Phoenix,0,2,FunPlus Phoenix won,
Valorant Champions Tour Stage 2: Masters Copenhagen,Playoffs,Upper Final,Paper Rex vs OpTic Gaming,Paper Rex,OpTic Gaming,2,1,Paper Rex won,
Valorant Champions Tour Stage 2: Masters Copenhagen,Playoffs,Lower Round 3,FunPlus Phoenix vs FNATIC,FunPlus Phoenix,FNATIC,2,1,FunPlus Phoenix won,
Valorant Champions Tour Stage 2: Masters Copenhagen,Playoffs,Lower Final,OpTic Gaming vs FunPlus Phoenix,OpTic Gaming,FunPlus Phoenix,1,3,FunPlus Phoenix won,
Valorant Champions Tour Stage 2: Masters Copenhagen,Playoffs,Grand Final,Paper Rex vs FunPlus Phoenix,Paper Rex,FunPlus Phoenix,2,3,FunPlus Phoenix won,
Valorant Champions Tour Stage 1: Masters Reykjavík,Playoffs,Upper Quarterfinals,G2 Esports vs ZETA DIVISION,G2 Esports,ZETA DIVISION,2,0,G2 Esports won,
Valorant Champions Tour Stage 1: Masters Reykjavík,Playoffs,Upper Quarterfinals,LOUD vs Team Liquid,LOUD,Team Liquid,2,1,LOUD won,
Valorant Champions Tour Stage 1: Masters Reykjavík,Playoffs,Upper Quarterfinals,Paper Rex vs DRX,Paper Rex,DRX,1,2,DRX won,
Valorant Champions Tour Stage 1: Masters Reykjavík,Playoffs,Upper Quarterfinals,The Guard vs OpTic Gaming,The Guard,OpTic Gaming,1,2,OpTic Gaming won,
Valorant Champions Tour Stage 1: Masters Reykjavík,Playoffs,Lower Round 1,ZETA DIVISION vs Team Liquid,ZETA DIVISION,Team Liquid,2,1,ZETA DIVISION won,
Valorant Champions Tour Stage 1: Masters Reykjavík,Playoffs,Lower Round 1,Paper Rex vs The Guard,Paper Rex,The Guard,2,0,Paper Rex won,
Valorant Champions Tour Stage 1: Masters Reykjavík,Playoffs,Upper Semifinals,DRX vs OpTic Gaming,DRX,OpTic Gaming,1,2,OpTic Gaming won,
Valorant Champions Tour Stage 1: Masters Reykjavík,Playoffs,Upper Semifinals,G2 Esports vs LOUD,G2 Esports,LOUD,0,2,LOUD won,
Valorant Champions Tour Stage 1: Masters Reykjavík,Playoffs,Lower Round 2,DRX vs ZETA DIVISION,DRX,ZETA DIVISION,1,2,ZETA DIVISION won,
Valorant Champions Tour Stage 1: Masters Reykjavík,Playoffs,Lower Round 2,G2 Esports vs Paper Rex,G2 Esports,Paper Rex,0,2,Paper Rex won,
Valorant Champions Tour Stage 1: Masters Reykjavík,Playoffs,Upper Final,LOUD vs OpTic Gaming,LOUD,OpTic Gaming,2,1,LOUD won,
Valorant Champions Tour Stage 1: Masters Reykjavík,Playoffs,Lower Round 3,ZETA DIVISION vs Paper Rex,ZETA DIVISION,Paper Rex,2,1,ZETA DIVISION won,
Valorant Champions Tour Stage 1: Masters Reykjavík,Playoffs,Lower Final,OpTic Gaming vs ZETA DIVISION,OpTic Gaming,ZETA DIVISION,3,0,OpTic Gaming won,
Valorant Champions Tour Stage 1: Masters Reykjavík,Playoffs,Grand Final,LOUD vs OpTic Gaming,LOUD,OpTic Gaming,0,3,OpTic Gaming won,
Valorant Champions 2022,Group Stage,Opening (A),Paper Rex vs EDward Gaming,Paper Rex,EDward Gaming,2,1,Paper Rex won,
Valorant Champions 2022,Group Stage,Opening (A),LEVIATÁN vs Team Liquid,LEVIATÁN,Team Liquid,2,0,Leviatán won,
Valorant Champions 2022,Group Stage,Opening (B),ZETA DIVISION vs LOUD,ZETA DIVISION,LOUD,0,2,LOUD won,
Valorant Champions 2022,Group Stage,Opening (B),OpTic Gaming vs BOOM Esports,OpTic Gaming,BOOM Esports,2,1,OpTic Gaming won,
Valorant Champions 2022,Group Stage,Winner's (A),Paper Rex vs LEVIATÁN,Paper Rex,LEVIATÁN,0,2,Leviatán won,
Valorant Champions 2022,Group Stage,Opening (D),DRX vs FURIA,DRX,FURIA,2,0,DRX won,
Valorant Champions 2022,Group Stage,Opening (D),FNATIC vs 100 Thieves,FNATIC,100 Thieves,1,2,100 Thieves won,
Valorant Champions 2022,Group Stage,Winner's (B),OpTic Gaming vs LOUD,OpTic Gaming,LOUD,2,1,OpTic Gaming won,
Valorant Champions 2022,Group Stage,Opening (C),XSET vs XERXIA Esports,XSET,XERXIA Esports,2,0,XSET won,
Valorant Champions 2022,Group Stage,Opening (C),FunPlus Phoenix vs KRÜ Esports,FunPlus Phoenix,KRÜ Esports,2,0,FunPlus Phoenix won,
Valorant Champions 2022,Group Stage,Winner's (D),DRX vs 100 Thieves,DRX,100 Thieves,2,0,DRX won,
Valorant Champions 2022,Group Stage,Elimination (B),BOOM Esports vs ZETA DIVISION,BOOM Esports,ZETA DIVISION,1,2,ZETA DIVISION won,
Valorant Champions 2022,Group Stage,Elimination (A),EDward Gaming vs Team Liquid,EDward Gaming,Team Liquid,0,2,Team Liquid won,
Valorant Champions 2022,Group Stage,Elimination (C),KRÜ Esports vs XERXIA Esports,KRÜ Esports,XERXIA Esports,2,1,KRÜ Esports won,
Valorant Champions 2022,Group Stage,Elimination (D),FURIA vs FNATIC,FURIA,FNATIC,1,2,FNATIC won,
Valorant Champions 2022,Group Stage,Winner's (C),FunPlus Phoenix vs XSET,FunPlus Phoenix,XSET,1,2,XSET won,
Valorant Champions 2022,Group Stage,Decider (A),Paper Rex vs Team Liquid,Paper Rex,Team Liquid,1,2,Team Liquid won,
Valorant Champions 2022,Group Stage,Decider (B),LOUD vs ZETA DIVISION,LOUD,ZETA DIVISION,2,0,LOUD won,
Valorant Champions 2022,Group Stage,Decider (D),100 Thieves vs FNATIC,100 Thieves,FNATIC,0,2,FNATIC won,
Valorant Champions 2022,Playoffs,Upper Quarterfinals,LEVIATÁN vs LOUD,LEVIATÁN,LOUD,0,2,LOUD won,
Valorant Champions 2022,Playoffs,Upper Quarterfinals,DRX vs FunPlus Phoenix,DRX,FunPlus Phoenix,2,0,DRX won,
Valorant Champions 2022,Playoffs,Upper Quarterfinals,OpTic Gaming vs Team Liquid,OpTic Gaming,Team Liquid,2,1,OpTic Gaming won,
Valorant Champions 2022,Playoffs,Upper Quarterfinals,XSET vs FNATIC,XSET,FNATIC,2,0,XSET won,
Valorant Champions 2022,Playoffs,Lower Round 1,FunPlus Phoenix vs LEVIATÁN,FunPlus Phoenix,LEVIATÁN,2,0,FunPlus Phoenix won,
Valorant Champions 2022,Playoffs,Lower Round 1,Team Liquid vs FNATIC,Team Liquid,FNATIC,0,2,FNATIC won,
Valorant Champions 2022,Playoffs,Upper Semifinals,DRX vs LOUD,DRX,LOUD,0,2,LOUD won,
Valorant Champions 2022,Playoffs,Upper Semifinals,OpTic Gaming vs XSET,OpTic Gaming,XSET,2,1,OpTic Gaming won,
Valorant Champions 2022,Playoffs,Lower Round 2,DRX vs FNATIC,DRX,FNATIC,2,1,DRX won,
Valorant Champions 2022,Playoffs,Lower Round 2,XSET vs FunPlus Phoenix,XSET,FunPlus Phoenix,1,2,FunPlus Phoenix won,
Valorant Champions 2022,Playoffs,Upper Final,LOUD vs OpTic Gaming,LOUD,OpTic Gaming,2,0,LOUD won,
Valorant Champions 2022,Playoffs,Lower Round 3,FunPlus Phoenix vs DRX,FunPlus Phoenix,DRX,0,2,DRX won,
Valorant Champions 2022,Playoffs,Lower Final,OpTic Gaming vs DRX,OpTic Gaming,DRX,3,2,OpTic Gaming won,
Valorant Champions 2022,Playoffs,Grand Final,LOUD vs OpTic Gaming,LOUD,OpTic Gaming,3,1,LOUD won,
Valorant Champions 2023,Group Stage,Opening (D),Team Liquid vs Natus Vincere,Team Liquid,Natus Vincere,0,2,Natus Vincere won,
Valorant Champions 2023,Group Stage,Opening (D),DRX vs LOUD,DRX,LOUD,2,1,DRX won,
Valorant Champions 2023,Group Stage,Opening (B),FUT Esports vs T1,FUT Esports,T1,2,0,FUT Esports won,
Valorant Champions 2023,Group Stage,Opening (B),Evil Geniuses vs FunPlus Phoenix,Evil Geniuses,FunPlus Phoenix,2,0,Evil Geniuses won,
Valorant Champions 2023,Group Stage,Winner's (D),Natus Vincere vs DRX,Natus Vincere,DRX,1,2,DRX won,
Valorant Champions 2023,Group Stage,Opening (C),NRG vs Bilibili Gaming,NRG,Bilibili Gaming,0,2,Bilibili Gaming won,
Valorant Champions 2023,Group Stage,Opening (C),FNATIC vs ZETA DIVISION,FNATIC,ZETA DIVISION,2,0,FNATIC won,
Valorant Champions 2023,Group Stage,Winner's (B),Evil Geniuses vs FUT Esports,Evil Geniuses,FUT Esports,2,0,Evil Geniuses won,
Valorant Champions 2023,Group Stage,Opening (A),Paper Rex vs KRÜ Esports,Paper Rex,KRÜ Esports,2,0,Paper Rex won,
Valorant Champions 2023,Group Stage,Opening (A),EDward Gaming vs Giants Gaming,EDward Gaming,Giants Gaming,2,1,EDward Gaming won,
Valorant Champions 2023,Group Stage,Winner's (C),FNATIC vs Bilibili Gaming,FNATIC,Bilibili Gaming,2,0,FNATIC won,
Valorant Champions 2023,Group Stage,Elimination (D),Team Liquid vs LOUD,Team Liquid,LOUD,0,2,LOUD won,
Valorant Champions 2023,Group Stage,Elimination (B),FunPlus Phoenix vs T1,FunPlus Phoenix,T1,0,2,T1 won,
Valorant Champions 2023,Group Stage,Winner's (A),Paper Rex vs EDward Gaming,Paper Rex,EDward Gaming,2,0,Paper Rex won,
Valorant Champions 2023,Group Stage,Elimination (A),KRÜ Esports vs Giants Gaming,KRÜ Esports,Giants Gaming,0,2,Giants Gaming won,
Valorant Champions 2023,Group Stage,Elimination (C),ZETA DIVISION vs NRG,ZETA DIVISION,NRG,0,2,NRG won,
Valorant Champions 2023,Group Stage,Decider (D),Natus Vincere vs LOUD,Natus Vincere,LOUD,1,2,LOUD won,
Valorant Champions 2023,Group Stage,Decider (A),EDward Gaming vs Giants Gaming,EDward Gaming,Giants Gaming,2,0,EDward Gaming won,
Valorant Champions 2023,Group Stage,Decider (C),Bilibili Gaming vs NRG,Bilibili Gaming,NRG,2,0,Bilibili Gaming won,
Valorant Champions 2023,Playoffs,Upper Quarterfinals,FNATIC vs LOUD,FNATIC,LOUD,0,2,LOUD won,
Valorant Champions 2023,Playoffs,Upper Quarterfinals,Paper Rex vs FUT Esports,Paper Rex,FUT Esports,2,0,Paper Rex won,
Valorant Champions 2023,Playoffs,Upper Quarterfinals,DRX vs Bilibili Gaming,DRX,Bilibili Gaming,2,0,DRX won,
Valorant Champions 2023,Playoffs,Upper Quarterfinals,Evil Geniuses vs EDward Gaming,Evil Geniuses,EDward Gaming,2,1,Evil Geniuses won,
Valorant Champions 2023,Playoffs,Lower Round 1,FNATIC vs FUT Esports,FNATIC,FUT Esports,2,0,FNATIC won,
Valorant Champions 2023,Playoffs,Lower Round 1,Bilibili Gaming vs EDward Gaming,Bilibili Gaming,EDward Gaming,1,2,EDward Gaming won,
Valorant Champions 2023,Playoffs,Upper Semifinals,LOUD vs Paper Rex,LOUD,Paper Rex,1,2,Paper Rex won,
Valorant Champions 2023,Playoffs,Upper Semifinals,DRX vs Evil Geniuses,DRX,Evil Geniuses,0,2,Evil Geniuses won,
Valorant Champions 2023,Playoffs,Lower Round 2,LOUD vs EDward Gaming,LOUD,EDward Gaming,2,1,LOUD won,
Valorant Champions 2023,Playoffs,Lower Round 2,DRX vs FNATIC,DRX,FNATIC,1,2,FNATIC won,
Valorant Champions 2023,Playoffs,Upper Final,Paper Rex vs Evil Geniuses,Paper Rex,Evil Geniuses,2,1,Paper Rex won,
Valorant Champions 2023,Playoffs,Lower Round 3,FNATIC vs LOUD,FNATIC,LOUD,1,2,LOUD won,
Valorant Champions 2023,Playoffs,Lower Final,Evil Geniuses vs LOUD,Evil Geniuses,LOUD,3,2,Evil Geniuses won,
Valorant Champions 2023,Playoffs,Grand Final,Paper Rex vs Evil Geniuses,Paper Rex,Evil Geniuses,1,3,Evil Geniuses won,
Valorant Champions 2024,Group Stage,Opening (B),Gen.G vs Sentinels,Gen.G,Sentinels,2,0,Gen.G won,
Valorant Champions 2024,Group Stage,Opening (B),FunPlus Phoenix vs Team Heretics,FunPlus Phoenix,Team Heretics,1,2,Team Heretics won,
Valorant Champions 2024,Group Stage,Opening (A),DRX vs KRÜ Esports,DRX,KRÜ Esports,2,1,DRX won,
Valorant Champions 2024,Group Stage,Opening (A),FNATIC vs Bilibili Gaming,FNATIC,Bilibili Gaming,2,0,FNATIC won,
Valorant Champions 2024,Group Stage,Opening (C),LEVIATÁN vs TALON,LEVIATÁN,TALON,2,0,LEVIATÁN won,
Valorant Champions 2024,Group Stage,Opening (C),Team Vitality vs Trace Esports,Team Vitality,Trace Esports,1,2,Trace Esports won,
Valorant Champions 2024,Group Stage,Opening (D),G2 Esports vs Paper Rex,G2 Esports,Paper Rex,2,0,G2 Esports won,
Valorant Champions 2024,Group Stage,Opening (D),EDward Gaming vs FUT Esports,EDward Gaming,FUT Esports,2,0,EDward Gaming won,
Valorant Champions 2024,Group Stage,Winner's (B),Gen.G vs Team Heretics,Gen.G,Team Heretics,1,2,Team Heretics won,
Valorant Champions 2024,Group Stage,Winner's (A),FNATIC vs DRX,FNATIC,DRX,0,2,DRX won,
Valorant Champions 2024,Group Stage,Winner's (C),LEVIATÁN vs Trace Esports,LEVIATÁN,Trace Esports,1,2,Trace Esports won,
Valorant Champions 2024,Group Stage,Winner's (D),EDward Gaming vs G2 Esports,EDward Gaming,G2 Esports,1,2,G2 Esports won,
Valorant Champions 2024,Group Stage,Elimination (B),Sentinels vs FunPlus Phoenix,Sentinels,FunPlus Phoenix,2,0,Sentinels won,
Valorant Champions 2024,Group Stage,Elimination (A),Bilibili Gaming vs KRÜ Esports,Bilibili Gaming,KRÜ Esports,0,2,KRÜ Esports won,
Valorant Champions 2024,Group Stage,Elimination (C),TALON vs Team Vitality,TALON,Team Vitality,0,2,Team Vitality won,
Valorant Champions 2024,Group Stage,Elimination (D),FUT Esports vs Paper Rex,FUT Esports,Paper Rex,0,2,Paper Rex won,
Valorant Champions 2024,Group Stage,Decider (B),Gen.G vs Sentinels,Gen.G,Sentinels,0,2,Sentinels won,
Valorant Champions 2024,Group Stage,Decider (A),FNATIC vs KRÜ Esports,FNATIC,KRÜ Esports,2,1,FNATIC won,
Valorant Champions 2024,Group Stage,Decider (C),LEVIATÁN vs Team Vitality,LEVIATÁN,Team Vitality,2,0,LEVIATÁN won,
Valorant Champions 2024,Group Stage,Decider (D),EDward Gaming vs Paper Rex,EDward Gaming,Paper Rex,2,1,EDward Gaming won,
Valorant Champions 2024,Playoffs,Upper Quarterfinals,DRX vs Sentinels,DRX,Sentinels,0,2,Sentinels won,
Valorant Champions 2024,Playoffs,Upper Quarterfinals,Trace Esports vs EDward Gaming,Trace Esports,EDward Gaming,0,2,EDward Gaming won,
Valorant Champions 2024,Playoffs,Upper Quarterfinals,G2 Esports vs LEVIATÁN,G2 Esports,LEVIATÁN,0,2,LEVIATÁN won,
Valorant Champions 2024,Playoffs,Upper Quarterfinals,Team Heretics vs FNATIC,Team Heretics,FNATIC,2,0,Team Heretics won,
Valorant Champions 2024,Playoffs,Lower Round 1,DRX vs Trace Esports,DRX,Trace Esports,2,0,DRX won,
Valorant Champions 2024,Playoffs,Lower Round 1,G2 Esports vs FNATIC,G2 Esports,FNATIC,0,2,FNATIC won,
Valorant Champions 2024,Playoffs,Upper Semifinals,Sentinels vs EDward Gaming,Sentinels,EDward Gaming,1,2,EDward Gaming won,
Valorant Champions 2024,Playoffs,Upper Semifinals,LEVIATÁN vs Team Heretics,LEVIATÁN,Team Heretics,2,0,LEVIATÁN won,
Valorant Champions 2024,Playoffs,Lower Round 2,Sentinels vs FNATIC,Sentinels,FNATIC,2,1,Sentinels won,
Valorant Champions 2024,Playoffs,Lower Round 2,Team Heretics vs DRX,Team Heretics,DRX,2,1,Team Heretics won,
Valorant Champions 2024,Playoffs,Upper Final,EDward Gaming vs LEVIATÁN,EDward Gaming,LEVIATÁN,2,1,EDward Gaming won,
Valorant Champions 2024,Playoffs,Lower Round 3,Team Heretics vs Sentinels,Team Heretics,Sentinels,2,1,Team Heretics won,
Valorant Champions 2024,Playoffs,Lower Final,LEVIATÁN vs Team Heretics,LEVIATÁN,Team Heretics,1,3,Team Heretics won,
Valorant Champions 2024,Playoffs,Grand Final,EDward Gaming vs Team Heretics,EDward Gaming,Team Heretics,3,2,EDward Gaming won,
VCT 2025: EMEA Kickoff,Main Event,Upper Round 1,BBL Esports vs GIANTX,BBL Esports,GIANTX,2,1,BBL Esports won,
VCT 2025: EMEA Kickoff,Main Event,Upper Round 1,Karmine Corp vs Natus Vincere,Karmine Corp,Natus Vincere,2,1,Karmine Corp won,
VCT 2025: EMEA Kickoff,Main Event,Upper Round 1,Team Liquid vs KOI,Team Liquid,KOI,2,1,Team Liquid won,
VCT 2025: EMEA Kickoff,Main Event,Upper Round 1,Apeks vs Gentle Mates,Apeks,Gentle Mates,0,2,Gentle Mates won,
VCT 2025: EMEA Kickoff,Main Event,Upper Quarterfinals,FNATIC vs BBL Esports,FNATIC,BBL Esports,1,2,BBL Esports won,
VCT 2025: EMEA Kickoff,Main Event,Upper Quarterfinals,Team Vitality vs Karmine Corp,Team Vitality,Karmine Corp,2,1,Team Vitality won,
VCT 2025: EMEA Kickoff,Main Event,Upper Quarterfinals,FUT Esports vs Team Liquid,FUT Esports,Team Liquid,2,0,FUT Esports won,
VCT 2025: EMEA Kickoff,Main Event,Upper Quarterfinals,Team Heretics vs Gentle Mates,Team Heretics,Gentle Mates,2,1,Team Heretics won,
VCT 2025: EMEA Kickoff,Main Event,Lower Round 1,Karmine Corp vs GIANTX,Karmine Corp,GIANTX,1,2,GIANTX won,
VCT 2025: EMEA Kickoff,Main Event,Lower Round 1,FNATIC vs Natus Vincere,FNATIC,Natus Vincere,2,1,FNATIC won,
VCT 2025: EMEA Kickoff,Main Event,Lower Round 1,Team Liquid vs Apeks,Team Liquid,Apeks,2,1,Team Liquid won,
VCT 2025: EMEA Kickoff,Main Event,Lower Round 1,Gentle Mates vs KOI,Gentle Mates,KOI,2,1,Gentle Mates won,
VCT 2025: EMEA Kickoff,Main Event,Upper Semifinals,BBL Esports vs Team Heretics,BBL Esports,Team Heretics,0,2,Team Heretics won,
VCT 2025: EMEA Kickoff,Main Event,Upper Semifinals,FUT Esports vs Team Vitality,FUT Esports,Team Vitality,0,2,Team Vitality won,
VCT 2025: EMEA Kickoff,Main Event,Lower Round 2,Gentle Mates vs FNATIC,Gentle Mates,FNATIC,0,2,FNATIC won,
VCT 2025: EMEA Kickoff,Main Event,Lower Round 2,GIANTX vs Team Liquid,GIANTX,Team Liquid,0,2,Team Liquid won,
VCT 2025: EMEA Kickoff,Main Event,Lower Round 3,FUT Esports vs FNATIC,FUT Esports,FNATIC,2,0,FUT Esports won,
VCT 2025: EMEA Kickoff,Main Event,Lower Round 3,BBL Esports vs Team Liquid,BBL Esports,Team Liquid,1,2,Team Liquid won,
VCT 2025: EMEA Kickoff,Main Event,Upper Final,Team Vitality vs Team Heretics,Team Vitality,Team Heretics,2,0,Team Vitality won,
VCT 2025: EMEA Kickoff,Main Event,Lower Round 4,FUT Esports vs Team Liquid,FUT Esports,Team Liquid,1,2,Team Liquid won,
VCT 2025: EMEA Kickoff,Main Event,Lower Final,Team Heretics vs Team Liquid,Team Heretics,Team Liquid,0,3,Team Liquid won,
VCT 2025: EMEA Kickoff,Main Event,Grand Final,Team Vitality vs Team Liquid,Team Vitality,Team Liquid,3,2,Team Vitality won,
VCT 2025: Pacific Kickoff,Main Event,Upper Round 1,BOOM Esports vs T1,BOOM Esports,T1,1,2,T1 won,
VCT 2025: Pacific Kickoff,Main Event,Upper Round 1,ZETA DIVISION vs Nongshim RedForce,ZETA DIVISION,Nongshim RedForce,0,2,Nongshim RedForce won,
VCT 2025: Pacific Kickoff,Main Event,Upper Round 1,Global Esports vs Team Secret,Global Esports,Team Secret,2,1,Global Esports won,
VCT 2025: Pacific Kickoff,Main Event,Upper Round 1,DetonatioN FocusMe vs Rex Regum Qeon,DetonatioN FocusMe,Rex Regum Qeon,1,2,Rex Regum Qeon won,
VCT 2025: Pacific Kickoff,Main Event,Upper Quarterfinals,DRX vs Nongshim RedForce,DRX,Nongshim RedForce,2,1,DRX won,
VCT 2025: Pacific Kickoff,Main Event,Upper Quarterfinals,Paper Rex vs T1,Paper Rex,T1,1,2,T1 won,
VCT 2025: Pacific Kickoff,Main Event,Upper Quarterfinals,TALON vs Global Esports,TALON,Global Esports,2,1,TALON won,
VCT 2025: Pacific Kickoff,Main Event,Upper Quarterfinals,Gen.G vs Rex Regum Qeon,Gen.G,Rex Regum Qeon,2,1,Gen.G won,
VCT 2025: Pacific Kickoff,Main Event,Lower Round 1,Nongshim RedForce vs BOOM Esports,Nongshim RedForce,BOOM Esports,2,1,Nongshim RedForce won,
VCT 2025: Pacific Kickoff,Main Event,Lower Round 1,Paper Rex vs ZETA DIVISION,Paper Rex,ZETA DIVISION,2,0,Paper Rex won,
VCT 2025: Pacific Kickoff,Main Event,Lower Round 1,Rex Regum Qeon vs Team Secret,Rex Regum Qeon,Team Secret,2,1,Rex Regum Qeon won,
VCT 2025: Pacific Kickoff,Main Event,Lower Round 1,Global Esports vs DetonatioN FocusMe,Global Esports,DetonatioN FocusMe,0,2,DetonatioN FocusMe won,
VCT 2025: Pacific Kickoff,Main Event,Upper Semifinals,T1 vs TALON,T1,TALON,2,1,T1 won,
VCT 2025: Pacific Kickoff,Main Event,Upper Semifinals,Gen.G vs DRX,Gen.G,DRX,0,2,DRX won,
VCT 2025: Pacific Kickoff,Main Event,Lower Round 2,Nongshim RedForce vs Rex Regum Qeon,Nongshim RedForce,Rex Regum Qeon,2,1,Nongshim RedForce won,
VCT 2025: Pacific Kickoff,Main Event,Lower Round 2,DetonatioN FocusMe vs Paper Rex,DetonatioN FocusMe,Paper Rex,2,0,DetonatioN FocusMe won,
VCT 2025: Pacific Kickoff,Main Event,Lower Round 3,TALON vs Nongshim RedForce,TALON,Nongshim RedForce,2,1,TALON won,
VCT 2025: Pacific Kickoff,Main Event,Lower Round 3,Gen.G vs DetonatioN FocusMe,Gen.G,DetonatioN FocusMe,2,0,Gen.G won,
VCT 2025: Pacific Kickoff,Main Event,Upper Final,T1 vs DRX,T1,DRX,1,2,DRX won,
VCT 2025: Pacific Kickoff,Main Event,Lower Round 4,TALON vs Gen.G,TALON,Gen.G,0,2,Gen.G won,
VCT 2025: Pacific Kickoff,Main Event,Lower Final,T1 vs Gen.G,T1,Gen.G,3,2,T1 won,
VCT 2025: Pacific Kickoff,Main Event,Grand Final,DRX vs T1,DRX,T1,3,2,DRX won,
VCT 2025: Americas Kickoff,Main Event,Upper Round 1,Evil Geniuses vs LOUD,Evil Geniuses,LOUD,0,2,LOUD won,
VCT 2025: Americas Kickoff,Main Event,Upper Round 1,MIBR vs 100 Thieves,MIBR,100 Thieves,0,2,100 Thieves won,
VCT 2025: Americas Kickoff,Main Event,Upper Round 1,2Game Esports vs FURIA,2Game Esports,FURIA,0,2,FURIA won,
VCT 2025: Americas Kickoff,Main Event,Upper Round 1,NRG vs Cloud9,NRG,Cloud9,0,2,Cloud9 won,
VCT 2025: Americas Kickoff,Main Event,Upper Quarterfinals,KRÜ Esports vs LOUD,KRÜ Esports,LOUD,0,2,LOUD won,
VCT 2025: Americas Kickoff,Main Event,Upper Quarterfinals,Sentinels vs 100 Thieves,Sentinels,100 Thieves,2,1,Sentinels won,
VCT 2025: Americas Kickoff,Main Event,Upper Quarterfinals,LEVIATÁN vs FURIA,LEVIATÁN,FURIA,2,0,LEVIATÁN won,
VCT 2025: Americas Kickoff,Main Event,Upper Quarterfinals,G2 Esports vs Cloud9,G2 Esports,Cloud9,2,0,G2 Esports won,
VCT 2025: Americas Kickoff,Main Event,Lower Round 1,FURIA vs Evil Geniuses,FURIA,Evil Geniuses,0,2,Evil Geniuses won,
VCT 2025: Americas Kickoff,Main Event,Lower Round 1,Cloud9 vs MIBR,Cloud9,MIBR,1,2,MIBR won,
VCT 2025: Americas Kickoff,Main Event,Lower Round 1,KRÜ Esports vs 2Game Esports,KRÜ Esports,2Game Esports,2,0,KRÜ Esports won,
VCT 2025: Americas Kickoff,Main Event,Lower Round 1,100 Thieves vs NRG,100 Thieves,NRG,1,2,NRG won,
VCT 2025: Americas Kickoff,Main Event,Upper Semifinals,LOUD vs Sentinels,LOUD,Sentinels,1,2,Sentinels won,
VCT 2025: Americas Kickoff,Main Event,Upper Semifinals,G2 Esports vs LEVIATÁN,G2 Esports,LEVIATÁN,2,0,G2 Esports won,
VCT 2025: Americas Kickoff,Main Event,Lower Round 2,Evil Geniuses vs MIBR,Evil Geniuses,MIBR,0,2,MIBR won,
VCT 2025: Americas Kickoff,Main Event,Lower Round 2,NRG vs KRÜ Esports,NRG,KRÜ Esports,1,2,KRÜ Esports won,
VCT 2025: Americas Kickoff,Main Event,Lower Round 3,LEVIATÁN vs MIBR,LEVIATÁN,MIBR,1,2,MIBR won,
VCT 2025: Americas Kickoff,Main Event,Lower Round 3,LOUD vs KRÜ Esports,LOUD,KRÜ Esports,0,2,KRÜ Esports won,
VCT 2025: Americas Kickoff,Main Event,Upper Final,Sentinels vs G2 Esports,Sentinels,G2 Esports,0,2,G2 Esports won,
VCT 2025: Americas Kickoff,Main Event,Lower Round 4,MIBR vs KRÜ Esports,MIBR,KRÜ Esports,2,1,MIBR won,
VCT 2025: Americas Kickoff,Main Event,Lower Final,Sentinels vs MIBR,Sentinels,MIBR,3,1,Sentinels won,
VCT 2025: Americas Kickoff,Main Event,Grand Final,G2 Esports vs Sentinels,G2 Esports,Sentinels,3,2,G2 Esports won,
VCT 2025: China Kickoff,Main Event,Upper Round 1,TYLOO vs Titan Esports Club,TYLOO,Titan Esports Club,0,2,Titan Esports Club won,
VCT 2025: China Kickoff,Main Event,Upper Round 1,Xi Lai Gaming vs Wolves Esports,Xi Lai Gaming,Wolves Esports,2,0,Xi Lai Gaming won,
VCT 2025: China Kickoff,Main Event,Upper Round 1,JDG Esports vs Dragon Ranger Gaming,JDG Esports,Dragon Ranger Gaming,1,2,Dragon Ranger Gaming won,
VCT 2025: China Kickoff,Main Event,Upper Round 1,All Gamers vs Nova Esports,All Gamers,Nova Esports,0,2,Nova Esports won,
VCT 2025: China Kickoff,Main Event,Upper Quarterfinals,FunPlus Phoenix vs Titan Esports Club,FunPlus Phoenix,Titan Esports Club,2,1,FunPlus Phoenix won,
VCT 2025: China Kickoff,Main Event,Upper Quarterfinals,Bilibili Gaming vs Xi Lai Gaming,Bilibili Gaming,Xi Lai Gaming,2,1,Bilibili Gaming won,
VCT 2025: China Kickoff,Main Event,Upper Quarterfinals,Trace Esports vs Dragon Ranger Gaming,Trace Esports,Dragon Ranger Gaming,2,0,Trace Esports won,
VCT 2025: China Kickoff,Main Event,Upper Quarterfinals,EDward Gaming vs Nova Esports,EDward Gaming,Nova Esports,2,0,EDward Gaming won,
VCT 2025: China Kickoff,Main Event,Lower Round 1,Titan Esports Club vs JDG Esports,Titan Esports Club,JDG Esports,0,2,JDG Esports won,
VCT 2025: China Kickoff,Main Event,Lower Round 1,Xi Lai Gaming vs All Gamers,Xi Lai Gaming,All Gamers,2,1,Xi Lai Gaming won,
VCT 2025: China Kickoff,Main Event,Lower Round 1,Dragon Ranger Gaming vs TYLOO,Dragon Ranger Gaming,TYLOO,2,0,Dragon Ranger Gaming won,
VCT 2025: China Kickoff,Main Event,Lower Round 1,Nova Esports vs Wolves Esports,Nova Esports,Wolves Esports,2,1,Nova Esports won,
VCT 2025: China Kickoff,Main Event,Upper Semifinals,Bilibili Gaming vs FunPlus Phoenix,Bilibili Gaming,FunPlus Phoenix,2,0,Bilibili Gaming won,
VCT 2025: China Kickoff,Main Event,Upper Semifinals,Trace Esports vs EDward Gaming,Trace Esports,EDward Gaming,2,0,Trace Esports won,
VCT 2025: China Kickoff,Main Event,Lower Round 2,Nova Esports vs Dragon Ranger Gaming,Nova Esports,Dragon Ranger Gaming,0,2,Dragon Ranger Gaming won,
VCT 2025: China Kickoff,Main Event,Lower Round 2,JDG Esports vs Xi Lai Gaming,JDG Esports,Xi Lai Gaming,1,2,Xi Lai Gaming won,
VCT 2025: China Kickoff,Main Event,Lower Round 3,FunPlus Phoenix vs Dragon Ranger Gaming,FunPlus Phoenix,Dragon Ranger Gaming,1,2,Dragon Ranger Gaming won,
VCT 2025: China Kickoff,Main Event,Lower Round 3,EDward Gaming vs Xi Lai Gaming,EDward Gaming,Xi Lai Gaming,2,1,EDward Gaming won,
VCT 2025: China Kickoff,Main Event,Upper Final,Bilibili Gaming vs Trace Esports,Bilibili Gaming,Trace Esports,1,2,Trace Esports won,
VCT 2025: China Kickoff,Main Event,Lower Round 4,Dragon Ranger Gaming vs EDward Gaming,Dragon Ranger Gaming,EDward Gaming,0,2,EDward Gaming won,
VCT 2025: China Kickoff,Main Event,Lower Final,Bilibili Gaming vs EDward Gaming,Bilibili Gaming,EDward Gaming,0,3,EDward Gaming won,
VCT 2025: China Kickoff,Main Event,Grand Final,Trace Esports vs EDward Gaming,Trace Esports,EDward Gaming,1,3,EDward Gaming won,
VCT 2025: EMEA Stage 1,Group Stage,Week 1,Team Vitality vs GIANTX,Team Vitality,GIANTX,2,0,Team Vitality won,
VCT 2025: EMEA Stage 1,Group Stage,Week 1,BBL Esports vs Karmine Corp,BBL Esports,Karmine Corp,2,1,BBL Esports won,
VCT 2025: EMEA Stage 1,Group Stage,Week 1,Team Heretics vs Apeks,Team Heretics,Apeks,2,1,Team Heretics won,
VCT 2025: EMEA Stage 1,Group Stage,Week 1,FUT Esports vs KOI,FUT Esports,KOI,2,0,FUT Esports won,
VCT 2025: EMEA Stage 1,Group Stage,Week 1,FNATIC vs Natus Vincere,FNATIC,Natus Vincere,2,0,FNATIC won,
VCT 2025: EMEA Stage 1,Group Stage,Week 1,Team Liquid vs Gentle Mates,Team Liquid,Gentle Mates,1,2,Gentle Mates won,
VCT 2025: EMEA Stage 1,Group Stage,Week 2,Team Liquid vs BBL Esports,Team Liquid,BBL Esports,2,1,Team Liquid won,
VCT 2025: EMEA Stage 1,Group Stage,Week 2,Apeks vs Natus Vincere,Apeks,Natus Vincere,1,2,Natus Vincere won,
VCT 2025: EMEA Stage 1,Group Stage,Week 2,FUT Esports vs Gentle Mates,FUT Esports,Gentle Mates,2,1,FUT Esports won,
VCT 2025: EMEA Stage 1,Group Stage,Week 2,Team Heretics vs GIANTX,Team Heretics,GIANTX,2,1,Team Heretics won,
VCT 2025: EMEA Stage 1,Group Stage,Week 2,Team Vitality vs FNATIC,Team Vitality,FNATIC,1,2,FNATIC won,
VCT 2025: EMEA Stage 1,Group Stage,Week 2,KOI vs Karmine Corp,KOI,Karmine Corp,0,2,Karmine Corp won,
VCT 2025: EMEA Stage 1,Group Stage,Week 3,KOI vs BBL Esports,KOI,BBL Esports,0,2,BBL Esports won,
VCT 2025: EMEA Stage 1,Group Stage,Week 3,Natus Vincere vs GIANTX,Natus Vincere,GIANTX,2,1,Natus Vincere won,
VCT 2025: EMEA Stage 1,Group Stage,Week 3,Team Liquid vs FUT Esports,Team Liquid,FUT Esports,2,0,Team Liquid won,
VCT 2025: EMEA Stage 1,Group Stage,Week 3,Team Vitality vs Team Heretics,Team Vitality,Team Heretics,0,2,Team Heretics won,
VCT 2025: EMEA Stage 1,Group Stage,Week 3,Apeks vs FNATIC,Apeks,FNATIC,0,2,FNATIC won,
VCT 2025: EMEA Stage 1,Group Stage,Week 3,Karmine Corp vs Gentle Mates,Karmine Corp,Gentle Mates,2,0,Karmine Corp won,
VCT 2025: EMEA Stage 1,Group Stage,Week 4,Team Vitality vs Apeks,Team Vitality,Apeks,2,0,Team Vitality won,
VCT 2025: EMEA Stage 1,Group Stage,Week 4,Team Liquid vs KOI,Team Liquid,KOI,2,0,Team Liquid won,
VCT 2025: EMEA Stage 1,Group Stage,Week 4,Gentle Mates vs BBL Esports,Gentle Mates,BBL Esports,0,2,BBL Esports won,
VCT 2025: EMEA Stage 1,Group Stage,Week 4,GIANTX vs FNATIC,GIANTX,FNATIC,1,2,FNATIC won,
VCT 2025: EMEA Stage 1,Group Stage,Week 4,Karmine Corp vs FUT Esports,Karmine Corp,FUT Esports,1,2,FUT Esports won,
VCT 2025: EMEA Stage 1,Group Stage,Week 4,Natus Vincere vs Team Heretics,Natus Vincere,Team Heretics,0,2,Team Heretics won,
VCT 2025: EMEA Stage 1,Group Stage,Week 5,BBL Esports vs FUT Esports,BBL Esports,FUT Esports,2,0,BBL Esports won,
VCT 2025: EMEA Stage 1,Group Stage,Week 5,GIANTX vs Apeks,GIANTX,Apeks,2,0,GIANTX won,
VCT 2025: EMEA Stage 1,Group Stage,Week 5,Gentle Mates vs KOI,Gentle Mates,KOI,1,2,KOI won,
VCT 2025: EMEA Stage 1,Group Stage,Week 5,Team Vitality vs Natus Vincere,Team Vitality,Natus Vincere,0,2,Natus Vincere won,
VCT 2025: EMEA Stage 1,Group Stage,Week 5,Team Liquid vs Karmine Corp,Team Liquid,Karmine Corp,2,1,Team Liquid won,
VCT 2025: EMEA Stage 1,Group Stage,Week 5,FNATIC vs Team Heretics,FNATIC,Team Heretics,0,2,Team Heretics won,
VCT 2025: Pacific Stage 1,Group Stage,Week 1,DetonatioN FocusMe vs Global Esports,DetonatioN FocusMe,Global Esports,0,2,Global Esports won,
VCT 2025: Pacific Stage 1,Group Stage,Week 1,T1 vs ZETA DIVISION,T1,ZETA DIVISION,2,1,T1 won,
VCT 2025: Pacific Stage 1,Group Stage,Week 1,DRX vs Paper Rex,DRX,Paper Rex,2,1,DRX won,
VCT 2025: Pacific Stage 1,Group Stage,Week 1,TALON vs Team Secret,TALON,Team Secret,2,1,TALON won,
VCT 2025: Pacific Stage 1,Group Stage,Week 1,Gen.G vs BOOM Esports,Gen.G,BOOM Esports,0,2,BOOM Esports won,
VCT 2025: Pacific Stage 1,Group Stage,Week 1,Nongshim RedForce vs Rex Regum Qeon,Nongshim RedForce,Rex Regum Qeon,2,1,Nongshim RedForce won,
VCT 2025: Pacific Stage 1,Group Stage,Week 2,Team Secret vs ZETA DIVISION,Team Secret,ZETA DIVISION,0,2,ZETA DIVISION won,
VCT 2025: Pacific Stage 1,Group Stage,Week 2,T1 vs Nongshim RedForce,T1,Nongshim RedForce,2,0,T1 won,
VCT 2025: Pacific Stage 1,Group Stage,Week 2,Gen.G vs Paper Rex,Gen.G,Paper Rex,2,1,Gen.G won,
VCT 2025: Pacific Stage 1,Group Stage,Week 2,DRX vs DetonatioN FocusMe,DRX,DetonatioN FocusMe,2,0,DRX won,
VCT 2025: Pacific Stage 1,Group Stage,Week 2,TALON vs Rex Regum Qeon,TALON,Rex Regum Qeon,0,2,Rex Regum Qeon won,
VCT 2025: Pacific Stage 1,Group Stage,Week 2,BOOM Esports vs Global Esports,BOOM Esports,Global Esports,2,0,BOOM Esports won,
VCT 2025: Pacific Stage 1,Group Stage,Week 3,Gen.G vs DetonatioN FocusMe,Gen.G,DetonatioN FocusMe,2,0,Gen.G won,
VCT 2025: Pacific Stage 1,Group Stage,Week 3,Rex Regum Qeon vs ZETA DIVISION,Rex Regum Qeon,ZETA DIVISION,2,0,Rex Regum Qeon won,
VCT 2025: Pacific Stage 1,Group Stage,Week 3,Paper Rex vs BOOM Esports,Paper Rex,BOOM Esports,1,2,BOOM Esports won,
VCT 2025: Pacific Stage 1,Group Stage,Week 3,TALON vs Nongshim RedForce,TALON,Nongshim RedForce,2,1,TALON won,
VCT 2025: Pacific Stage 1,Group Stage,Week 3,DRX vs Global Esports,DRX,Global Esports,2,0,DRX won,
VCT 2025: Pacific Stage 1,Group Stage,Week 3,T1 vs Team Secret,T1,Team Secret,2,1,T1 won,
VCT 2025: Pacific Stage 1,Group Stage,Week 4,Nongshim RedForce vs Team Secret,Nongshim RedForce,Team Secret,2,0,Nongshim RedForce won,
VCT 2025: Pacific Stage 1,Group Stage,Week 4,DRX vs BOOM Esports,DRX,BOOM Esports,1,2,BOOM Esports won,
VCT 2025: Pacific Stage 1,Group Stage,Week 4,T1 vs Rex Regum Qeon,T1,Rex Regum Qeon,1,2,Rex Regum Qeon won,
VCT 2025: Pacific Stage 1,Group Stage,Week 4,Gen.G vs Global Esports,Gen.G,Global Esports,2,0,Gen.G won,
VCT 2025: Pacific Stage 1,Group Stage,Week 4,TALON vs ZETA DIVISION,TALON,ZETA DIVISION,0,2,ZETA DIVISION won,
VCT 2025: Pacific Stage 1,Group Stage,Week 4,DetonatioN FocusMe vs Paper Rex,DetonatioN FocusMe,Paper Rex,1,2,Paper Rex won,
VCT 2025: Pacific Stage 1,Group Stage,Week 5,Paper Rex vs Global Esports,Paper Rex,Global Esports,2,0,Paper Rex won,
VCT 2025: Pacific Stage 1,Group Stage,Week 5,T1 vs TALON,T1,TALON,0,2,TALON won,
VCT 2025: Pacific Stage 1,Group Stage,Week 5,DRX vs Gen.G,DRX,Gen.G,2,1,DRX won,
VCT 2025: Pacific Stage 1,Group Stage,Week 5,Nongshim RedForce vs ZETA DIVISION,Nongshim RedForce,ZETA DIVISION,2,1,Nongshim RedForce won,
VCT 2025: Pacific Stage 1,Group Stage,Week 5,DetonatioN FocusMe vs BOOM Esports,DetonatioN FocusMe,BOOM Esports,0,2,BOOM Esports won,
VCT 2025: Pacific Stage 1,Group Stage,Week 5,Rex Regum Qeon vs Team Secret,Rex Regum Qeon,Team Secret,1,2,Team Secret won,
VCT 2025: China Stage 1,Group Stage,Week 1,Xi Lai Gaming vs Bilibili Gaming,Xi Lai Gaming,Bilibili Gaming,1,2,Bilibili Gaming won,
VCT 2025: China Stage 1,Group Stage,Week 1,Trace Esports vs All Gamers,Trace Esports,All Gamers,2,1,Trace Esports won,
VCT 2025: China Stage 1,Group Stage,Week 1,Dragon Ranger Gaming vs Nova Esports,Dragon Ranger Gaming,Nova Esports,2,0,Dragon Ranger Gaming won,
VCT 2025: China Stage 1,Group Stage,Week 1,TYLOO vs EDward Gaming,TYLOO,EDward Gaming,0,2,EDward Gaming won,
VCT 2025: China Stage 1,Group Stage,Week 1,JDG Esports vs Wolves Esports,JDG Esports,Wolves Esports,0,2,Wolves Esports won,
VCT 2025: China Stage 1,Group Stage,Week 1,FunPlus Phoenix vs Titan Esports Club,FunPlus Phoenix,Titan Esports Club,2,0,FunPlus Phoenix won,
VCT 2025: China Stage 1,Group Stage,Week 2,Nova Esports vs EDward Gaming,Nova Esports,EDward Gaming,2,0,Nova Esports won,
VCT 2025: China Stage 1,Group Stage,Week 2,TYLOO vs FunPlus Phoenix,TYLOO,FunPlus Phoenix,1,2,FunPlus Phoenix won,
VCT 2025: China Stage 1,Group Stage,Week 2,Xi Lai Gaming vs All Gamers,Xi Lai Gaming,All Gamers,2,0,Xi Lai Gaming won,
VCT 2025: China Stage 1,Group Stage,Week 2,Wolves Esports vs Trace Esports,Wolves Esports,Trace Esports,2,0,Wolves Esports won,
VCT 2025: China Stage 1,Group Stage,Week 2,Titan Esports Club vs Dragon Ranger Gaming,Titan Esports Club,Dragon Ranger Gaming,2,1,Titan Esports Club won,
VCT 2025: China Stage 1,Group Stage,Week 2,Bilibili Gaming vs JDG Esports,Bilibili Gaming,JDG Esports,2,1,Bilibili Gaming won,
VCT 2025: China Stage 1,Group Stage,Week 3,JDG Esports vs Trace Esports,JDG Esports,Trace Esports,0,2,Trace Esports won,
VCT 2025: China Stage 1,Group Stage,Week 3,Wolves Esports vs Xi Lai Gaming,Wolves Esports,Xi Lai Gaming,0,2,Xi Lai Gaming won,
VCT 2025: China Stage 1,Group Stage,Week 3,TYLOO vs Titan Esports Club,TYLOO,Titan Esports Club,1,2,Titan Esports Club won,
VCT 2025: China Stage 1,Group Stage,Week 3,Dragon Ranger Gaming vs EDward Gaming,Dragon Ranger Gaming,EDward Gaming,1,2,EDward Gaming won,
VCT 2025: China Stage 1,Group Stage,Week 3,Nova Esports vs FunPlus Phoenix,Nova Esports,FunPlus Phoenix,2,0,Nova Esports won,
VCT 2025: China Stage 1,Group Stage,Week 3,All Gamers vs Bilibili Gaming,All Gamers,Bilibili Gaming,0,2,Bilibili Gaming won,
VCT 2025: China Stage 1,Group Stage,Week 4,FunPlus Phoenix vs Dragon Ranger Gaming,FunPlus Phoenix,Dragon Ranger Gaming,0,2,Dragon Ranger Gaming won,
VCT 2025: China Stage 1,Group Stage,Week 4,Bilibili Gaming vs Wolves Esports,Bilibili Gaming,Wolves Esports,2,1,Bilibili Gaming won,
VCT 2025: China Stage 1,Group Stage,Week 4,All Gamers vs JDG Esports,All Gamers,JDG Esports,0,2,JDG Esports won,
VCT 2025: China Stage 1,Group Stage,Week 4,EDward Gaming vs Titan Esports Club,EDward Gaming,Titan Esports Club,2,1,EDward Gaming won,
VCT 2025: China Stage 1,Group Stage,Week 4,Nova Esports vs TYLOO,Nova Esports,TYLOO,2,1,Nova Esports won,
VCT 2025: China Stage 1,Group Stage,Week 4,Trace Esports vs Xi Lai Gaming,Trace Esports,Xi Lai Gaming,1,2,Xi Lai Gaming won,
VCT 2025: China Stage 1,Group Stage,Week 5,JDG Esports vs Xi Lai Gaming,JDG Esports,Xi Lai Gaming,1,2,Xi Lai Gaming won,
VCT 2025: China Stage 1,Group Stage,Week 5,Dragon Ranger Gaming vs TYLOO,Dragon Ranger Gaming,TYLOO,1,2,TYLOO won,
VCT 2025: China Stage 1,Group Stage,Week 5,Wolves Esports vs All Gamers,Wolves Esports,All Gamers,2,1,Wolves Esports won,
VCT 2025: China Stage 1,Group Stage,Week 5,Bilibili Gaming vs Trace Esports,Bilibili Gaming,Trace Esports,1,2,Trace Esports won,
VCT 2025: China Stage 1,Group Stage,Week 5,Titan Esports Club vs Nova Esports,Titan Esports Club,Nova Esports,2,0,Titan Esports Club won,
VCT 2025: China Stage 1,Group Stage,Week 5,EDward Gaming vs FunPlus Phoenix,EDward Gaming,FunPlus Phoenix,2,0,EDward Gaming won,
VCT 2025: Americas Stage 1,Group Stage,Week 1,Cloud9 vs NRG,Cloud9,NRG,2,1,Cloud9 won,
VCT 2025: Americas Stage 1,Group Stage,Week 1,KRÜ Esports vs LOUD,KRÜ Esports,LOUD,2,1,KRÜ Esports won,
VCT 2025: Americas Stage 1,Group Stage,Week 1,G2 Esports vs FURIA,G2 Esports,FURIA,2,0,G2 Esports won,
VCT 2025: Americas Stage 1,Group Stage,Week 1,MIBR vs LEVIATÁN,MIBR,LEVIATÁN,2,0,MIBR won,
VCT 2025: Americas Stage 1,Group Stage,Week 1,2Game Esports vs Evil Geniuses,2Game Esports,Evil Geniuses,0,2,Evil Geniuses won,
VCT 2025: Americas Stage 1,Group Stage,Week 1,Sentinels vs 100 Thieves,Sentinels,100 Thieves,2,1,Sentinels won,
VCT 2025: Americas Stage 1,Group Stage,Week 2,NRG vs FURIA,NRG,FURIA,2,1,NRG won,
VCT 2025: Americas Stage 1,Group Stage,Week 2,Sentinels vs KRÜ Esports,Sentinels,KRÜ Esports,0,2,KRÜ Esports won,
VCT 2025: Americas Stage 1,Group Stage,Week 2,100 Thieves vs Evil Geniuses,100 Thieves,Evil Geniuses,2,0,100 Thieves won,
VCT 2025: Americas Stage 1,Group Stage,Week 2,G2 Esports vs MIBR,G2 Esports,MIBR,2,1,G2 Esports won,
VCT 2025: Americas Stage 1,Group Stage,Week 2,LOUD vs 2Game Esports,LOUD,2Game Esports,0,2,2Game Esports won,
VCT 2025: Americas Stage 1,Group Stage,Week 2,LEVIATÁN vs Cloud9,LEVIATÁN,Cloud9,0,2,Cloud9 won,
VCT 2025: Americas Stage 1,Group Stage,Week 3,Evil Geniuses vs Sentinels,Evil Geniuses,Sentinels,0,2,Sentinels won,
VCT 2025: Americas Stage 1,Group Stage,Week 3,100 Thieves vs LOUD,100 Thieves,LOUD,2,1,100 Thieves won,
VCT 2025: Americas Stage 1,Group Stage,Week 3,2Game Esports vs KRÜ Esports,2Game Esports,KRÜ Esports,1,2,KRÜ Esports won,
VCT 2025: Americas Stage 1,Group Stage,Week 3,G2 Esports vs NRG,G2 Esports,NRG,2,0,G2 Esports won,
VCT 2025: Americas Stage 1,Group Stage,Week 3,FURIA vs LEVIATÁN,FURIA,LEVIATÁN,0,2,LEVIATÁN won,
VCT 2025: Americas Stage 1,Group Stage,Week 3,Cloud9 vs MIBR,Cloud9,MIBR,1,2,MIBR won,
VCT 2025: Americas Stage 1,Group Stage,Week 4,100 Thieves vs 2Game Esports,100 Thieves,2Game Esports,2,0,100 Thieves won,
VCT 2025: Americas Stage 1,Group Stage,Week 4,G2 Esports vs LEVIATÁN,G2 Esports,LEVIATÁN,2,1,G2 Esports won,
VCT 2025: Americas Stage 1,Group Stage,Week 4,FURIA vs Cloud9,FURIA,Cloud9,0,2,Cloud9 won,
VCT 2025: Americas Stage 1,Group Stage,Week 4,Sentinels vs LOUD,Sentinels,LOUD,2,1,Sentinels won,
VCT 2025: Americas Stage 1,Group Stage,Week 4,KRÜ Esports vs Evil Geniuses,KRÜ Esports,Evil Geniuses,0,2,Evil Geniuses won,
VCT 2025: Americas Stage 1,Group Stage,Week 4,NRG vs MIBR,NRG,MIBR,0,2,MIBR won,
VCT 2025: Americas Stage 1,Group Stage,Week 5,G2 Esports vs Cloud9,G2 Esports,Cloud9,2,1,G2 Esports won,
VCT 2025: Americas Stage 1,Group Stage,Week 5,MIBR vs FURIA,MIBR,FURIA,2,1,MIBR won,
VCT 2025: Americas Stage 1,Group Stage,Week 5,Sentinels vs 2Game Esports,Sentinels,2Game Esports,2,0,Sentinels won,
VCT 2025: Americas Stage 1,Group Stage,Week 5,KRÜ Esports vs 100 Thieves,KRÜ Esports,100 Thieves,2,0,KRÜ Esports won,
VCT 2025: Americas Stage 1,Group Stage,Week 5,Evil Geniuses vs LOUD,Evil Geniuses,LOUD,2,1,Evil Geniuses won,
VCT 2025: Americas Stage 1,Group Stage,Week 5,LEVIATÁN vs NRG,LEVIATÁN,NRG,0,2,NRG won,
VCT 2025: EMEA Stage 1,Playoffs,Upper Round 1,BBL Esports vs Natus Vincere,BBL Esports,Natus Vincere,2,0,BBL Esports won,
VCT 2025: EMEA Stage 1,Playoffs,Upper Round 1,FNATIC vs FUT Esports,FNATIC,FUT Esports,2,0,FNATIC won,
VCT 2025: EMEA Stage 1,Playoffs,Lower Round 1,Natus Vincere vs Karmine Corp,Natus Vincere,Karmine Corp,2,1,Natus Vincere won,
VCT 2025: EMEA Stage 1,Playoffs,Lower Round 1,FUT Esports vs Team Vitality,FUT Esports,Team Vitality,2,0,FUT Esports won,
VCT 2025: EMEA Stage 1,Playoffs,Upper Semifinals,Team Heretics vs BBL Esports,Team Heretics,BBL Esports,2,0,Team Heretics won,
VCT 2025: EMEA Stage 1,Playoffs,Upper Semifinals,Team Liquid vs FNATIC,Team Liquid,FNATIC,1,2,FNATIC won,
VCT 2025: EMEA Stage 1,Playoffs,Lower Round 2,BBL Esports vs FUT Esports,BBL Esports,FUT Esports,2,1,BBL Esports won,
VCT 2025: EMEA Stage 1,Playoffs,Lower Round 2,Team Liquid vs Natus Vincere,Team Liquid,Natus Vincere,2,1,Team Liquid won,
VCT 2025: EMEA Stage 1,Playoffs,Upper Final,Team Heretics vs FNATIC,Team Heretics,FNATIC,0,2,FNATIC won,
VCT 2025: EMEA Stage 1,Playoffs,Lower Final,Team Heretics vs Team Liquid,Team Heretics,Team Liquid,3,0,Team Heretics won,
VCT 2025: EMEA Stage 1,Playoffs,Grand Final,FNATIC vs Team Heretics,FNATIC,Team Heretics,3,0,FNATIC won,
VCT 2025: Pacific Stage 1,Playoffs,Upper Round 1,TALON vs Gen.G,TALON,Gen.G,1,2,Gen.G won,
VCT 2025: Pacific Stage 1,Playoffs,Upper Round 1,DRX vs T1,DRX,T1,2,0,DRX won,
VCT 2025: Pacific Stage 1,Playoffs,Upper Semifinals,BOOM Esports vs Gen.G,BOOM Esports,Gen.G,0,2,Gen.G won,
VCT 2025: Pacific Stage 1,Playoffs,Upper Semifinals,Rex Regum Qeon vs DRX,Rex Regum Qeon,DRX,2,1,Rex Regum Qeon won,
VCT 2025: Pacific Stage 1,Playoffs,Lower Round 1,T1 vs Paper Rex,T1,Paper Rex,1,2,Paper Rex won,
VCT 2025: Pacific Stage 1,Playoffs,Lower Round 2,DRX vs TALON,DRX,TALON,2,0,DRX won,
VCT 2025: Pacific Stage 1,Playoffs,Lower Round 2,BOOM Esports vs Paper Rex,BOOM Esports,Paper Rex,0,2,Paper Rex won,
VCT 2025: Pacific Stage 1,Playoffs,Upper Final,Gen.G vs Rex Regum Qeon,Gen.G,Rex Regum Qeon,2,0,Gen.G won,
VCT 2025: Pacific Stage 1,Playoffs,Lower Round 3,DRX vs Paper Rex,DRX,Paper Rex,0,2,Paper Rex won,
VCT 2025: Pacific Stage 1,Playoffs,Lower Final,Rex Regum Qeon vs Paper Rex,Rex Regum Qeon,Paper Rex,3,2,Rex Regum Qeon won,
VCT 2025: Pacific Stage 1,Playoffs,Grand Final,Gen.G vs Rex Regum Qeon,Gen.G,Rex Regum Qeon,1,3,Rex Regum Qeon won,
VCT 2025: China Stage 1,Playoffs,Upper Round 1,Titan Esports Club vs Wolves Esports,Titan Esports Club,Wolves Esports,0,2,Wolves Esports won,
VCT 2025: China Stage 1,Playoffs,Upper Round 1,Xi Lai Gaming vs Nova Esports,Xi Lai Gaming,Nova Esports,2,0,Xi Lai Gaming won,
VCT 2025: China Stage 1,Playoffs,Lower Round 1,Titan Esports Club vs Dragon Ranger Gaming,Titan Esports Club,Dragon Ranger Gaming,1,2,Dragon Ranger Gaming won,
VCT 2025: China Stage 1,Playoffs,Lower Round 1,Nova Esports vs Trace Esports,Nova Esports,Trace Esports,0,2,Trace Esports won,
VCT 2025: China Stage 1,Playoffs,Upper Semifinals,Bilibili Gaming vs Wolves Esports,Bilibili Gaming,Wolves Esports,0,2,Wolves Esports won,
VCT 2025: China Stage 1,Playoffs,Upper Semifinals,EDward Gaming vs Xi Lai Gaming,EDward Gaming,Xi Lai Gaming,0,2,Xi Lai Gaming won,
VCT 2025: China Stage 1,Playoffs,Lower Round 2,Bilibili Gaming vs Trace Esports,Bilibili Gaming,Trace Esports,2,0,Bilibili Gaming won,
VCT 2025: China Stage 1,Playoffs,Lower Round 2,EDward Gaming vs Dragon Ranger Gaming,EDward Gaming,Dragon Ranger Gaming,2,1,EDward Gaming won,
VCT 2025: China Stage 1,Playoffs,Lower Round 3,EDward Gaming vs Bilibili Gaming,EDward Gaming,Bilibili Gaming,1,2,Bilibili Gaming won,
VCT 2025: China Stage 1,Playoffs,Lower Final,Wolves Esports vs Bilibili Gaming,Wolves Esports,Bilibili Gaming,0,3,Bilibili Gaming won,
VCT 2025: China Stage 1,Playoffs,Grand Final,Xi Lai Gaming vs Bilibili Gaming,Xi Lai Gaming,Bilibili Gaming,3,1,Xi Lai Gaming won,
VCT 2025: Americas Stage 1,Playoffs,Upper Round 1,MIBR vs 100 Thieves,MIBR,100 Thieves,2,0,MIBR won,
VCT 2025: Americas Stage 1,Playoffs,Upper Round 1,Sentinels vs Cloud9,Sentinels,Cloud9,2,0,Sentinels won,
VCT 2025: Americas Stage 1,Playoffs,Lower Round 1,100 Thieves vs NRG,100 Thieves,NRG,2,0,100 Thieves won,
VCT 2025: Americas Stage 1,Playoffs,Lower Round 1,Cloud9 vs Evil Geniuses,Cloud9,Evil Geniuses,0,2,Evil Geniuses won,
VCT 2025: Americas Stage 1,Playoffs,Upper Semifinals,KRÜ Esports vs MIBR,KRÜ Esports,MIBR,0,2,MIBR won,
VCT 2025: Americas Stage 1,Playoffs,Upper Semifinals,G2 Esports vs Sentinels,G2 Esports,Sentinels,1,2,Sentinels won,
VCT 2025: Americas Stage 1,Playoffs,Lower Round 2,G2 Esports vs 100 Thieves,G2 Esports,100 Thieves,2,1,G2 Esports won,
VCT 2025: Americas Stage 1,Playoffs,Upper Final,MIBR vs Sentinels,MIBR,Sentinels,0,2,Sentinels won,
VCT 2025: Americas Stage 1,Playoffs,Lower Round 3,G2 Esports vs Evil Geniuses,G2 Esports,Evil Geniuses,2,1,G2 Esports won,
VCT 2025: Americas Stage 1,Playoffs,Lower Final,MIBR vs G2 Esports,MIBR,G2 Esports,1,3,G2 Esports won,
VCT 2025: Americas Stage 1,Playoffs,Grand Final,Sentinels vs G2 Esports,Sentinels,G2 Esports,1,3,G2 Esports won,
VCT 2025: Americas Stage 2,Group Stage,Week 1,Cloud9 vs FURIA,Cloud9,FURIA,2,0,Cloud9 won,
VCT 2025: Americas Stage 2,Group Stage,Week 1,LEVIATÁN vs LOUD,LEVIATÁN,LOUD,1,2,LOUD won,
VCT 2025: Americas Stage 2,Group Stage,Week 1,Evil Geniuses vs 2Game Esports,Evil Geniuses,2Game Esports,2,1,Evil Geniuses won,
VCT 2025: Americas Stage 2,Group Stage,Week 1,MIBR vs KRÜ Esports,MIBR,KRÜ Esports,1,2,KRÜ Esports won,
VCT 2025: Americas Stage 2,Group Stage,Week 1,100 Thieves vs NRG,100 Thieves,NRG,2,0,100 Thieves won,
VCT 2025: Americas Stage 2,Group Stage,Week 1,Sentinels vs G2 Esports,Sentinels,G2 Esports,2,1,Sentinels won,
VCT 2025: Americas Stage 2,Group Stage,Week 2,2Game Esports vs G2 Esports,2Game Esports,G2 Esports,0,2,G2 Esports won,
VCT 2025: Americas Stage 2,Group Stage,Week 2,FURIA vs Sentinels,FURIA,Sentinels,0,2,Sentinels won,
VCT 2025: Americas Stage 2,Group Stage,Week 2,100 Thieves vs KRÜ Esports,100 Thieves,KRÜ Esports,2,0,100 Thieves won,
VCT 2025: Americas Stage 2,Group Stage,Week 2,NRG vs LOUD,NRG,LOUD,2,0,NRG won,
VCT 2025: Americas Stage 2,Group Stage,Week 2,Cloud9 vs Evil Geniuses,Cloud9,Evil Geniuses,2,0,Cloud9 won,
VCT 2025: Americas Stage 2,Group Stage,Week 2,MIBR vs LEVIATÁN,MIBR,LEVIATÁN,0,2,LEVIATÁN won,
VCT 2025: Americas Stage 2,Group Stage,Week 3,2Game Esports vs FURIA,2Game Esports,FURIA,2,1,2Game Esports won,
VCT 2025: Americas Stage 2,Group Stage,Week 3,LEVIATÁN vs NRG,LEVIATÁN,NRG,1,2,NRG won,
VCT 2025: Americas Stage 2,Group Stage,Week 3,Sentinels vs Cloud9,Sentinels,Cloud9,2,0,Sentinels won,
VCT 2025: Americas Stage 2,Group Stage,Week 3,MIBR vs 100 Thieves,MIBR,100 Thieves,2,0,MIBR won,
VCT 2025: Americas Stage 2,Group Stage,Week 3,G2 Esports vs Evil Geniuses,G2 Esports,Evil Geniuses,2,1,G2 Esports won,
VCT 2025: Americas Stage 2,Group Stage,Week 3,LOUD vs KRÜ Esports,LOUD,KRÜ Esports,1,2,KRÜ Esports won,
VCT 2025: Americas Stage 2,Group Stage,Week 4,Cloud9 vs 2Game Esports,Cloud9,2Game Esports,2,0,Cloud9 won,
VCT 2025: Americas Stage 2,Group Stage,Week 4,MIBR vs NRG,MIBR,NRG,0,2,NRG won,
VCT 2025: Americas Stage 2,Group Stage,Week 4,Sentinels vs Evil Geniuses,Sentinels,Evil Geniuses,2,0,Sentinels won,
VCT 2025: Americas Stage 2,Group Stage,Week 4,LEVIATÁN vs KRÜ Esports,LEVIATÁN,KRÜ Esports,2,1,LEVIATÁN won,
VCT 2025: Americas Stage 2,Group Stage,Week 4,FURIA vs G2 Esports,FURIA,G2 Esports,0,2,G2 Esports won,
VCT 2025: Americas Stage 2,Group Stage,Week 4,LOUD vs 100 Thieves,LOUD,100 Thieves,1,2,100 Thieves won,
VCT 2025: Americas Stage 2,Group Stage,Week 5,KRÜ Esports vs NRG,KRÜ Esports,NRG,1,2,NRG won,
VCT 2025: Americas Stage 2,Group Stage,Week 5,100 Thieves vs LEVIATÁN,100 Thieves,LEVIATÁN,1,2,LEVIATÁN won,
VCT 2025: Americas Stage 2,Group Stage,Week 5,FURIA vs Evil Geniuses,FURIA,Evil Geniuses,0,2,Evil Geniuses won,
VCT 2025: Americas Stage 2,Group Stage,Week 5,2Game Esports vs Sentinels,2Game Esports,Sentinels,1,2,Sentinels won,
VCT 2025: Americas Stage 2,Group Stage,Week 5,G2 Esports vs Cloud9,G2 Esports,Cloud9,2,0,G2 Esports won,
VCT 2025: Americas Stage 2,Group Stage,Week 5,MIBR vs LOUD,MIBR,LOUD,2,0,MIBR won,
VCT 2025: EMEA Stage 2,Group Stage,Week 1,Natus Vincere vs Apeks,Natus Vincere,Apeks,2,1,Natus Vincere won,
VCT 2025: EMEA Stage 2,Group Stage,Week 1,Team Vitality vs GIANTX,Team Vitality,GIANTX,0,2,GIANTX won,
VCT 2025: EMEA Stage 2,Group Stage,Week 1,FUT Esports vs Gentle Mates,FUT Esports,Gentle Mates,2,1,FUT Esports won,
VCT 2025: EMEA Stage 2,Group Stage,Week 1,Team Liquid vs KOI,Team Liquid,KOI,2,1,Team Liquid won,
VCT 2025: EMEA Stage 2,Group Stage,Week 1,Team Heretics vs BBL Esports,Team Heretics,BBL Esports,2,1,Team Heretics won,
VCT 2025: EMEA Stage 2,Group Stage,Week 1,FNATIC vs Karmine Corp,FNATIC,Karmine Corp,2,1,FNATIC won,
VCT 2025: EMEA Stage 2,Group Stage,Week 2,Apeks vs Karmine Corp,Apeks,Karmine Corp,1,2,Karmine Corp won,
VCT 2025: EMEA Stage 2,Group Stage,Week 2,GIANTX vs BBL Esports,GIANTX,BBL Esports,2,1,GIANTX won,
VCT 2025: EMEA Stage 2,Group Stage,Week 2,Team Liquid vs Natus Vincere,Team Liquid,Natus Vincere,2,0,Team Liquid won,
VCT 2025: EMEA Stage 2,Group Stage,Week 2,Gentle Mates vs Team Heretics,Gentle Mates,Team Heretics,1,2,Team Heretics won,
VCT 2025: EMEA Stage 2,Group Stage,Week 2,FUT Esports vs Team Vitality,FUT Esports,Team Vitality,0,2,Team Vitality won,
VCT 2025: EMEA Stage 2,Group Stage,Week 2,KOI vs FNATIC,KOI,FNATIC,0,2,FNATIC won,
VCT 2025: EMEA Stage 2,Group Stage,Week 3,FUT Esports vs GIANTX,FUT Esports,GIANTX,2,1,FUT Esports won,
VCT 2025: EMEA Stage 2,Group Stage,Week 3,Gentle Mates vs BBL Esports,Gentle Mates,BBL Esports,0,2,BBL Esports won,
VCT 2025: EMEA Stage 2,Group Stage,Week 3,Team Liquid vs Apeks,Team Liquid,Apeks,2,1,Team Liquid won,
VCT 2025: EMEA Stage 2,Group Stage,Week 3,KOI vs Karmine Corp,KOI,Karmine Corp,1,2,Karmine Corp won,
VCT 2025: EMEA Stage 2,Group Stage,Week 3,Natus Vincere vs FNATIC,Natus Vincere,FNATIC,1,2,FNATIC won,
VCT 2025: EMEA Stage 2,Group Stage,Week 3,Team Vitality vs Team Heretics,Team Vitality,Team Heretics,0,2,Team Heretics won,
VCT 2025: EMEA Stage 2,Group Stage,Week 4,FUT Esports vs Team Heretics,FUT Esports,Team Heretics,0,2,Team Heretics won,
VCT 2025: EMEA Stage 2,Group Stage,Week 4,KOI vs Apeks,KOI,Apeks,2,1,KOI won,
VCT 2025: EMEA Stage 2,Group Stage,Week 4,Gentle Mates vs GIANTX,Gentle Mates,GIANTX,1,2,GIANTX won,
VCT 2025: EMEA Stage 2,Group Stage,Week 4,Natus Vincere vs Karmine Corp,Natus Vincere,Karmine Corp,2,0,Natus Vincere won,
VCT 2025: EMEA Stage 2,Group Stage,Week 4,Team Vitality vs BBL Esports,Team Vitality,BBL Esports,1,2,BBL Esports won,
VCT 2025: EMEA Stage 2,Group Stage,Week 4,Team Liquid vs FNATIC,Team Liquid,FNATIC,2,0,Team Liquid won,
VCT 2025: EMEA Stage 2,Group Stage,Week 5,KOI vs Natus Vincere,KOI,Natus Vincere,1,2,Natus Vincere won,
VCT 2025: EMEA Stage 2,Group Stage,Week 5,Apeks vs FNATIC,Apeks,FNATIC,0,2,FNATIC won,
VCT 2025: EMEA Stage 2,Group Stage,Week 5,GIANTX vs Team Heretics,GIANTX,Team Heretics,0,2,Team Heretics won,
VCT 2025: EMEA Stage 2,Group Stage,Week 5,Gentle Mates vs Team Vitality,Gentle Mates,Team Vitality,1,2,Team Vitality won,
VCT 2025: EMEA Stage 2,Group Stage,Week 5,FUT Esports vs BBL Esports,FUT Esports,BBL Esports,0,2,BBL Esports won,
VCT 2025: EMEA Stage 2,Group Stage,Week 5,Team Liquid vs Karmine Corp,Team Liquid,Karmine Corp,1,2,Karmine Corp won,
VCT 2025: Pacific Stage 2,Group Stage,Week 1,BOOM Esports vs TALON,BOOM Esports,TALON,0,2,TALON won,
VCT 2025: Pacific Stage 2,Group Stage,Week 1,Nongshim RedForce vs Team Secret,Nongshim RedForce,Team Secret,2,1,Nongshim RedForce won,
VCT 2025: Pacific Stage 2,Group Stage,Week 1,T1 vs Paper Rex,T1,Paper Rex,0,2,Paper Rex won,
VCT 2025: Pacific Stage 2,Group Stage,Week 1,DRX vs Gen.G,DRX,Gen.G,0,2,Gen.G won,
VCT 2025: Pacific Stage 2,Group Stage,Week 1,Rex Regum Qeon vs Global Esports,Rex Regum Qeon,Global Esports,0,2,Global Esports won,
VCT 2025: Pacific Stage 2,Group Stage,Week 1,ZETA DIVISION vs DetonatioN FocusMe,ZETA DIVISION,DetonatioN FocusMe,1,2,DetonatioN FocusMe won,
VCT 2025: Pacific Stage 2,Group Stage,Week 1,DRX vs Nongshim RedForce,DRX,Nongshim RedForce,2,1,DRX won,
VCT 2025: Pacific Stage 2,Group Stage,Week 1,BOOM Esports vs T1,BOOM Esports,T1,0,2,T1 won,
VCT 2025: Pacific Stage 2,Group Stage,Week 1,Global Esports vs Team Secret,Global Esports,Team Secret,1,2,Team Secret won,
VCT 2025: Pacific Stage 2,Group Stage,Week 1,Paper Rex vs DetonatioN FocusMe,Paper Rex,DetonatioN FocusMe,2,0,Paper Rex won,
VCT 2025: Pacific Stage 2,Group Stage,Week 1,TALON vs ZETA DIVISION,TALON,ZETA DIVISION,2,0,TALON won,
VCT 2025: Pacific Stage 2,Group Stage,Week 1,Rex Regum Qeon vs Gen.G,Rex Regum Qeon,Gen.G,2,1,Rex Regum Qeon won,
VCT 2025: Pacific Stage 2,Group Stage,Week 2,Gen.G vs Global Esports,Gen.G,Global Esports,2,1,Gen.G won,
VCT 2025: Pacific Stage 2,Group Stage,Week 2,TALON vs DetonatioN FocusMe,TALON,DetonatioN FocusMe,1,2,DetonatioN FocusMe won,
VCT 2025: Pacific Stage 2,Group Stage,Week 2,T1 vs ZETA DIVISION,T1,ZETA DIVISION,2,0,T1 won,
VCT 2025: Pacific Stage 2,Group Stage,Week 2,Rex Regum Qeon vs Nongshim RedForce,Rex Regum Qeon,Nongshim RedForce,2,1,Rex Regum Qeon won,
VCT 2025: Pacific Stage 2,Group Stage,Week 2,DRX vs Team Secret,DRX,Team Secret,2,0,DRX won,
VCT 2025: Pacific Stage 2,Group Stage,Week 2,BOOM Esports vs Paper Rex,BOOM Esports,Paper Rex,0,2,Paper Rex won,
VCT 2025: Pacific Stage 2,Group Stage,Week 3,Gen.G vs Team Secret,Gen.G,Team Secret,2,0,Gen.G won,
VCT 2025: Pacific Stage 2,Group Stage,Week 3,TALON vs T1,TALON,T1,2,0,TALON won,
VCT 2025: Pacific Stage 2,Group Stage,Week 3,BOOM Esports vs DetonatioN FocusMe,BOOM Esports,DetonatioN FocusMe,0,2,DetonatioN FocusMe won,
VCT 2025: Pacific Stage 2,Group Stage,Week 3,Rex Regum Qeon vs DRX,Rex Regum Qeon,DRX,0,2,DRX won,
VCT 2025: Pacific Stage 2,Group Stage,Week 3,Nongshim RedForce vs Global Esports,Nongshim RedForce,Global Esports,2,0,Nongshim RedForce won,
VCT 2025: Pacific Stage 2,Group Stage,Week 3,Paper Rex vs ZETA DIVISION,Paper Rex,ZETA DIVISION,0,2,ZETA DIVISION won,
VCT 2025: Pacific Stage 2,Group Stage,Week 4,Gen.G vs Nongshim RedForce,Gen.G,Nongshim RedForce,0,2,Nongshim RedForce won,
VCT 2025: Pacific Stage 2,Group Stage,Week 4,TALON vs Paper Rex,TALON,Paper Rex,0,2,Paper Rex won,
VCT 2025: Pacific Stage 2,Group Stage,Week 4,DRX vs Global Esports,DRX,Global Esports,2,0,DRX won,
VCT 2025: Pacific Stage 2,Group Stage,Week 4,BOOM Esports vs ZETA DIVISION,BOOM Esports,ZETA DIVISION,1,2,ZETA DIVISION won,
VCT 2025: Pacific Stage 2,Group Stage,Week 4,Rex Regum Qeon vs Team Secret,Rex Regum Qeon,Team Secret,2,1,Rex Regum Qeon won,
VCT 2025: Pacific Stage 2,Group Stage,Week 4,T1 vs DetonatioN FocusMe,T1,DetonatioN FocusMe,2,0,T1 won,
VCT 2025: China Stage 2,Group Stage,Week 1,EDward Gaming vs Titan Esports Club,EDward Gaming,Titan Esports Club,2,0,EDward Gaming won,
VCT 2025: China Stage 2,Group Stage,Week 1,Bilibili Gaming vs TYLOO,Bilibili Gaming,TYLOO,2,0,Bilibili Gaming won,
VCT 2025: China Stage 2,Group Stage,Week 1,All Gamers vs Xi Lai Gaming,All Gamers,Xi Lai Gaming,1,2,Xi Lai Gaming won,
VCT 2025: China Stage 2,Group Stage,Week 1,Wolves Esports vs FunPlus Phoenix,Wolves Esports,FunPlus Phoenix,0,2,FunPlus Phoenix won,
VCT 2025: China Stage 2,Group Stage,Week 1,Dragon Ranger Gaming vs Nova Esports,Dragon Ranger Gaming,Nova Esports,2,1,Dragon Ranger Gaming won,
VCT 2025: China Stage 2,Group Stage,Week 1,JDG Esports vs Trace Esports,JDG Esports,Trace Esports,1,2,Trace Esports won,
VCT 2025: China Stage 2,Group Stage,Week 2,Trace Esports vs TYLOO,Trace Esports,TYLOO,0,2,TYLOO won,
VCT 2025: China Stage 2,Group Stage,Week 2,FunPlus Phoenix vs Nova Esports,FunPlus Phoenix,Nova Esports,2,1,FunPlus Phoenix won,
VCT 2025: China Stage 2,Group Stage,Week 2,All Gamers vs Wolves Esports,All Gamers,Wolves Esports,2,0,All Gamers won,
VCT 2025: China Stage 2,Group Stage,Week 2,JDG Esports vs Bilibili Gaming,JDG Esports,Bilibili Gaming,1,2,Bilibili Gaming won,
VCT 2025: China Stage 2,Group Stage,Week 2,TYLOO vs Titan Esports Club,TYLOO,Titan Esports Club,2,0,TYLOO won,
VCT 2025: China Stage 2,Group Stage,Week 2,Trace Esports vs EDward Gaming,Trace Esports,EDward Gaming,2,1,Trace Esports won,
VCT 2025: China Stage 2,Group Stage,Week 2,Dragon Ranger Gaming vs All Gamers,Dragon Ranger Gaming,All Gamers,2,1,Dragon Ranger Gaming won,
VCT 2025: China Stage 2,Group Stage,Week 2,Xi Lai Gaming vs Wolves Esports,Xi Lai Gaming,Wolves Esports,2,0,Xi Lai Gaming won,
VCT 2025: China Stage 2,Group Stage,Week 3,Titan Esports Club vs Bilibili Gaming,Titan Esports Club,Bilibili Gaming,0,2,Bilibili Gaming won,
VCT 2025: China Stage 2,Group Stage,Week 3,FunPlus Phoenix vs Dragon Ranger Gaming,FunPlus Phoenix,Dragon Ranger Gaming,2,1,FunPlus Phoenix won,
VCT 2025: China Stage 2,Group Stage,Week 3,Nova Esports vs All Gamers,Nova Esports,All Gamers,1,2,All Gamers won,
VCT 2025: China Stage 2,Group Stage,Week 3,TYLOO vs EDward Gaming,TYLOO,EDward Gaming,0,2,EDward Gaming won,
VCT 2025: China Stage 2,Group Stage,Week 3,Titan Esports Club vs JDG Esports,Titan Esports Club,JDG Esports,1,2,JDG Esports won,
VCT 2025: China Stage 2,Group Stage,Week 3,Bilibili Gaming vs Trace Esports,Bilibili Gaming,Trace Esports,1,2,Trace Esports won,
VCT 2025: China Stage 2,Group Stage,Week 3,Wolves Esports vs Dragon Ranger Gaming,Wolves Esports,Dragon Ranger Gaming,2,1,Wolves Esports won,
VCT 2025: China Stage 2,Group Stage,Week 3,Xi Lai Gaming vs FunPlus Phoenix,Xi Lai Gaming,FunPlus Phoenix,2,0,Xi Lai Gaming won,
VCT 2025: China Stage 2,Group Stage,Week 4,Nova Esports vs Xi Lai Gaming,Nova Esports,Xi Lai Gaming,0,2,Xi Lai Gaming won,
VCT 2025: China Stage 2,Group Stage,Week 4,EDward Gaming vs JDG Esports,EDward Gaming,JDG Esports,2,1,EDward Gaming won,
VCT 2025: China Stage 2,Group Stage,Week 4,All Gamers vs FunPlus Phoenix,All Gamers,FunPlus Phoenix,2,0,All Gamers won,
VCT 2025: China Stage 2,Group Stage,Week 4,Trace Esports vs Titan Esports Club,Trace Esports,Titan Esports Club,0,2,Titan Esports Club won,
VCT 2025: China Stage 2,Group Stage,Week 4,Nova Esports vs Wolves Esports,Nova Esports,Wolves Esports,2,1,Nova Esports won,
VCT 2025: China Stage 2,Group Stage,Week 4,Dragon Ranger Gaming vs Xi Lai Gaming,Dragon Ranger Gaming,Xi Lai Gaming,2,1,Dragon Ranger Gaming won,
VCT 2025: China Stage 2,Group Stage,Week 4,TYLOO vs JDG Esports,TYLOO,JDG Esports,2,1,TYLOO won,
VCT 2025: China Stage 2,Group Stage,Week 4,Bilibili Gaming vs EDward Gaming,Bilibili Gaming,EDward Gaming,2,0,Bilibili Gaming won,
VCT 2025: Americas Stage 2,Playoffs,Upper Round 1,LEVIATÁN vs Cloud9,LEVIATÁN,Cloud9,1,2,Cloud9 won,
VCT 2025: Americas Stage 2,Playoffs,Upper Round 1,G2 Esports vs 100 Thieves,G2 Esports,100 Thieves,2,0,G2 Esports won,
VCT 2025: Americas Stage 2,Playoffs,Upper Semifinals,Sentinels vs Cloud9,Sentinels,Cloud9,2,1,Sentinels won,
VCT 2025: Americas Stage 2,Playoffs,Upper Semifinals,NRG vs G2 Esports,NRG,G2 Esports,1,2,G2 Esports won,
VCT 2025: Americas Stage 2,Playoffs,Lower Round 1,100 Thieves vs Evil Geniuses,100 Thieves,Evil Geniuses,2,0,100 Thieves won,
VCT 2025: Americas Stage 2,Playoffs,Lower Round 2,NRG vs LEVIATÁN,NRG,LEVIATÁN,2,0,NRG won,
VCT 2025: Americas Stage 2,Playoffs,Lower Round 2,Cloud9 vs 100 Thieves,Cloud9,100 Thieves,2,0,Cloud9 won,
VCT 2025: Americas Stage 2,Playoffs,Upper Final,Sentinels vs G2 Esports,Sentinels,G2 Esports,0,2,G2 Esports won,
VCT 2025: Americas Stage 2,Playoffs,Lower Round 3,NRG vs Cloud9,NRG,Cloud9,2,1,NRG won,
VCT 2025: Americas Stage 2,Playoffs,Lower Final,Sentinels vs NRG,Sentinels,NRG,1,3,NRG won,
VCT 2025: Americas Stage 2,Playoffs,Grand Final,G2 Esports vs NRG,G2 Esports,NRG,3,0,G2 Esports won,
VCT 2025: EMEA Stage 2,Playoffs,Upper Round 1,FNATIC vs BBL Esports,FNATIC,BBL Esports,1,2,BBL Esports won,
VCT 2025: EMEA Stage 2,Playoffs,Upper Round 1,GIANTX vs Natus Vincere,GIANTX,Natus Vincere,2,1,GIANTX won,
VCT 2025: EMEA Stage 2,Playoffs,Upper Semifinals,Team Heretics vs BBL Esports,Team Heretics,BBL Esports,0,2,BBL Esports won,
VCT 2025: EMEA Stage 2,Playoffs,Upper Semifinals,Team Liquid vs GIANTX,Team Liquid,GIANTX,2,1,Team Liquid won,
VCT 2025: EMEA Stage 2,Playoffs,Lower Round 1,Natus Vincere vs Team Vitality,Natus Vincere,Team Vitality,2,0,Natus Vincere won,
VCT 2025: EMEA Stage 2,Playoffs,Lower Round 2,GIANTX vs FNATIC,GIANTX,FNATIC,2,0,GIANTX won,
VCT 2025: EMEA Stage 2,Playoffs,Lower Round 2,Team Heretics vs Natus Vincere,Team Heretics,Natus Vincere,0,2,Natus Vincere won,
VCT 2025: EMEA Stage 2,Playoffs,Upper Final,BBL Esports vs Team Liquid,BBL Esports,Team Liquid,1,2,Team Liquid won,
VCT 2025: EMEA Stage 2,Playoffs,Lower Final,BBL Esports vs GIANTX,BBL Esports,GIANTX,0,3,GIANTX won,
VCT 2025: EMEA Stage 2,Playoffs,Grand Final,Team Liquid vs GIANTX,Team Liquid,GIANTX,3,0,Team Liquid won,
VCT 2025: Pacific Stage 2,Playoffs,Upper Round 1,TALON vs Nongshim RedForce,TALON,Nongshim RedForce,2,0,TALON won,
VCT 2025: Pacific Stage 2,Playoffs,Upper Round 1,Rex Regum Qeon vs T1,Rex Regum Qeon,T1,1,2,T1 won,
VCT 2025: Pacific Stage 2,Playoffs,Upper Semifinals,DRX vs TALON,DRX,TALON,1,2,TALON won,
VCT 2025: Pacific Stage 2,Playoffs,Upper Semifinals,Paper Rex vs T1,Paper Rex,T1,2,0,Paper Rex won,
VCT 2025: Pacific Stage 2,Playoffs,Lower Round 1,Nongshim RedForce vs DetonatioN FocusMe,Nongshim RedForce,DetonatioN FocusMe,2,0,Nongshim RedForce won,
VCT 2025: Pacific Stage 2,Playoffs,Lower Round 2,T1 vs Nongshim RedForce,T1,Nongshim RedForce,2,0,T1 won,
VCT 2025: Pacific Stage 2,Playoffs,Lower Round 2,DRX vs Rex Regum Qeon,DRX,Rex Regum Qeon,0,2,Rex Regum Qeon won,
VCT 2025: Pacific Stage 2,Playoffs,Lower Round 3,T1 vs Rex Regum Qeon,T1,Rex Regum Qeon,1,2,Rex Regum Qeon won,
VCT 2025: Pacific Stage 2,Playoffs,Lower Final,TALON vs Rex Regum Qeon,TALON,Rex Regum Qeon,2,3,Rex Regum Qeon won,
VCT 2025: Pacific Stage 2,Playoffs,Grand Final,Paper Rex vs Rex Regum Qeon,Paper Rex,Rex Regum Qeon,3,1,Paper Rex won,
VCT 2025: China Stage 2,Playoffs,Upper Quarterfinals,All Gamers vs TYLOO,All Gamers,TYLOO,0,2,TYLOO won,
VCT 2025: China Stage 2,Playoffs,Upper Quarterfinals,EDward Gaming vs Dragon Ranger Gaming,EDward Gaming,Dragon Ranger Gaming,0,2,Dragon Ranger Gaming won,
VCT 2025: China Stage 2,Playoffs,Lower Round 1,All Gamers vs FunPlus Phoenix,All Gamers,FunPlus Phoenix,2,1,All Gamers won,
VCT 2025: China Stage 2,Playoffs,Lower Round 1,EDward Gaming vs Trace Esports,EDward Gaming,Trace Esports,2,1,EDward Gaming won,
VCT 2025: China Stage 2,Playoffs,Upper Semifinals,Bilibili Gaming vs TYLOO,Bilibili Gaming,TYLOO,2,1,Bilibili Gaming won,
VCT 2025: China Stage 2,Playoffs,Upper Semifinals,Xi Lai Gaming vs Dragon Ranger Gaming,Xi Lai Gaming,Dragon Ranger Gaming,1,2,Dragon Ranger Gaming won,
VCT 2025: China Stage 2,Playoffs,Lower Round 2,Xi Lai Gaming vs All Gamers,Xi Lai Gaming,All Gamers,2,1,Xi Lai Gaming won,
VCT 2025: China Stage 2,Playoffs,Upper Final,Dragon Ranger Gaming vs Bilibili Gaming,Dragon Ranger Gaming,Bilibili Gaming,2,1,Dragon Ranger Gaming won,
VCT 2025: China Stage 2,Playoffs,Lower Round 3,EDward Gaming vs Xi Lai Gaming,EDward Gaming,Xi Lai Gaming,2,0,EDward Gaming won,
VCT 2025: China Stage 2,Playoffs,Lower Final,Bilibili Gaming vs EDward Gaming,Bilibili Gaming,EDward Gaming,3,1,Bilibili Gaming won,
VCT 2025: China Stage 2,Playoffs,Grand Final,Dragon Ranger Gaming vs Bilibili Gaming,Dragon Ranger Gaming,Bilibili Gaming,1,3,Bilibili Gaming won,
Valorant Masters Toronto 2025,Swiss Stage,Round 1,Team Heretics vs Paper Rex,Team Heretics,Paper Rex,0,2,Paper Rex won,
Valorant Masters Toronto 2025,Swiss Stage,Round 1,Bilibili Gaming vs Team Liquid,Bilibili Gaming,Team Liquid,2,1,Bilibili Gaming won,
Valorant Masters Toronto 2025,Swiss Stage,Round 1,Sentinels vs Wolves Esports,Sentinels,Wolves Esports,2,0,Sentinels won,
Valorant Masters Toronto 2025,Swiss Stage,Round 1,Gen.G vs MIBR,Gen.G,MIBR,2,0,Gen.G won,
Valorant Masters Toronto 2025,Swiss Stage,Round 2 (1-0),Bilibili Gaming vs Sentinels,Bilibili Gaming,Sentinels,1,2,Sentinels won,
Valorant Masters Toronto 2025,Swiss Stage,Round 2 (1-0),Paper Rex vs Gen.G,Paper Rex,Gen.G,0,2,Gen.G won,
Valorant Masters Toronto 2025,Swiss Stage,Round 2 (0-1),Team Heretics vs Wolves Esports,Team Heretics,Wolves Esports,0,2,Wolves Esports won,
Valorant Masters Toronto 2025,Swiss Stage,Round 2 (0-1),Team Liquid vs MIBR,Team Liquid,MIBR,2,0,Team Liquid won,
Valorant Masters Toronto 2025,Swiss Stage,Round 3 (1-1),Bilibili Gaming vs Wolves Esports,Bilibili Gaming,Wolves Esports,0,2,Wolves Esports won,
Valorant Masters Toronto 2025,Swiss Stage,Round 3 (1-1),Paper Rex vs Team Liquid,Paper Rex,Team Liquid,2,1,Paper Rex won,
Valorant Masters Bangkok 2025,Swiss Stage,Round 1,EDward Gaming vs Team Liquid,EDward Gaming,Team Liquid,2,0,EDward Gaming won,
Valorant Masters Bangkok 2025,Swiss Stage,Round 1,DRX vs Sentinels,DRX,Sentinels,2,0,DRX won,
Valorant Masters Bangkok 2025,Swiss Stage,Round 1,Team Vitality vs T1,Team Vitality,T1,2,0,Team Vitality won,
Valorant Masters Bangkok 2025,Swiss Stage,Round 1,G2 Esports vs Trace Esports,G2 Esports,Trace Esports,2,0,G2 Esports won,
Valorant Masters Bangkok 2025,Swiss Stage,Round 2 (1-0),DRX vs Team Vitality,DRX,Team Vitality,1,2,Team Vitality won,
Valorant Masters Bangkok 2025,Swiss Stage,Round 2 (1-0),EDward Gaming vs G2 Esports,EDward Gaming,G2 Esports,2,1,EDward Gaming won,
Valorant Masters Bangkok 2025,Swiss Stage,Round 2 (0-1),T1 vs Trace Esports,T1,Trace Esports,2,0,T1 won,
Valorant Masters Bangkok 2025,Swiss Stage,Round 2 (0-1),Team Liquid vs Sentinels,Team Liquid,Sentinels,2,1,Team Liquid won,
Valorant Masters Bangkok 2025,Swiss Stage,Round 3,T1 vs DRX,T1,DRX,2,0,T1 won,
Valorant Masters Bangkok 2025,Swiss Stage,Round 3,G2 Esports vs Team Liquid,G2 Esports,Team Liquid,2,0,G2 Esports won,
Valorant Masters Toronto 2025,Playoffs,Upper Quarterfinals,G2 Esports vs Paper Rex,G2 Esports,Paper Rex,0,2,Paper Rex won,
Valorant Masters Toronto 2025,Playoffs,Upper Quarterfinals,Xi Lai Gaming vs Sentinels,Xi Lai Gaming,Sentinels,0,2,Sentinels won,
Valorant Masters Toronto 2025,Playoffs,Upper Quarterfinals,Rex Regum Qeon vs Wolves Esports,Rex Regum Qeon,Wolves Esports,0,2,Wolves Esports won,
Valorant Masters Toronto 2025,Playoffs,Upper Quarterfinals,FNATIC vs Gen.G,FNATIC,Gen.G,1,2,Gen.G won,
Valorant Masters Toronto 2025,Playoffs,Lower Round 1,Xi Lai Gaming vs G2 Esports,Xi Lai Gaming,G2 Esports,0,2,G2 Esports won,
Valorant Masters Toronto 2025,Playoffs,Lower Round 1,Rex Regum Qeon vs FNATIC,Rex Regum Qeon,FNATIC,1,2,FNATIC won,
Valorant Masters Toronto 2025,Playoffs,Upper Semifinals,Wolves Esports vs Gen.G,Wolves Esports,Gen.G,2,0,Wolves Esports won,
Valorant Masters Toronto 2025,Playoffs,Upper Semifinals,Sentinels vs Paper Rex,Sentinels,Paper Rex,0,2,Paper Rex won,
Valorant Masters Toronto 2025,Playoffs,Lower Round 2,Gen.G vs G2 Esports,Gen.G,G2 Esports,1,2,G2 Esports won,
Valorant Masters Toronto 2025,Playoffs,Lower Round 2,Sentinels vs FNATIC,Sentinels,FNATIC,1,2,FNATIC won,
Valorant Masters Toronto 2025,Playoffs,Upper Final,Paper Rex vs Wolves Esports,Paper Rex,Wolves Esports,2,0,Paper Rex won,
Valorant Masters Toronto 2025,Playoffs,Lower Round 3,G2 Esports vs FNATIC,G2 Esports,FNATIC,0,2,FNATIC won,
Valorant Masters Toronto 2025,Playoffs,Lower Final,Wolves Esports vs FNATIC,Wolves Esports,FNATIC,1,3,FNATIC won,
Valorant Masters Toronto 2025,Playoffs,Grand Final,Paper Rex vs FNATIC,Paper Rex,FNATIC,3,1,Paper Rex won,
Valorant Masters Bangkok 2025,Playoffs,Upper Semifinals,EDward Gaming vs T1,EDward Gaming,T1,2,1,EDward Gaming won,
Valorant Masters Bangkok 2025,Playoffs,Upper Semifinals,Team Vitality vs G2 Esports,Team Vitality,G2 Esports,0,2,G2 Esports won,
Valorant Masters Bangkok 2025,Playoffs,Upper Final,EDward Gaming vs G2 Esports,EDward Gaming,G2 Esports,0,2,G2 Esports won,
Valorant Masters Bangkok 2025,Playoffs,Lower Round 1,T1 vs Team Vitality,T1,Team Vitality,2,1,T1 won,
Valorant Masters Bangkok 2025,Playoffs,Lower Final,EDward Gaming vs T1,EDward Gaming,T1,1,3,T1 won,
Valorant Masters Bangkok 2025,Playoffs,Grand Final,G2 Esports vs T1,G2 Esports,T1,2,3,T1 won,
Valorant Champions 2025,Group Stage,Opening (A),Paper Rex vs Xi Lai Gaming,Paper Rex,Xi Lai Gaming,2,0,Paper Rex won,
Valorant Champions 2025,Group Stage,Opening (A),GIANTX vs Sentinels,GIANTX,Sentinels,2,1,GIANTX won,
Valorant Champions 2025,Group Stage,Opening (C),NRG vs EDward Gaming,NRG,EDward Gaming,2,0,NRG won,
Valorant Champions 2025,Group Stage,Opening (C),Team Liquid vs DRX,Team Liquid,DRX,0,2,DRX won,
Valorant Champions 2025,Group Stage,Opening (D),Dragon Ranger Gaming vs T1,Dragon Ranger Gaming,T1,0,2,T1 won,
Valorant Champions 2025,Group Stage,Opening (D),G2 Esports vs Team Heretics,G2 Esports,Team Heretics,0,2,Team Heretics won,
Valorant Champions 2025,Group Stage,Opening (B),Bilibili Gaming vs MIBR,Bilibili Gaming,MIBR,0,2,MIBR won,
Valorant Champions 2025,Group Stage,Opening (B),Rex Regum Qeon vs FNATIC,Rex Regum Qeon,FNATIC,0,2,FNATIC won,
Valorant Champions 2025,Group Stage,Winner's (A),Paper Rex vs GIANTX,Paper Rex,GIANTX,2,1,Paper Rex won,
Valorant Champions 2025,Group Stage,Winner's (C),DRX vs NRG,DRX,NRG,1,2,NRG won,
Valorant Champions 2025,Group Stage,Winner's (D),Team Heretics vs T1,Team Heretics,T1,2,0,Team Heretics won,
Valorant Champions 2025,Group Stage,Winner's (B),MIBR vs FNATIC,MIBR,FNATIC,1,2,FNATIC won,
Valorant Champions 2025,Group Stage,Elimination (C),Team Liquid vs EDward Gaming,Team Liquid,EDward Gaming,2,1,Team Liquid won,
Valorant Champions 2025,Group Stage,Elimination (A),Xi Lai Gaming vs Sentinels,Xi Lai Gaming,Sentinels,2,1,Xi Lai Gaming won,
Valorant Champions 2025,Group Stage,Elimination (B),Bilibili Gaming vs Rex Regum Qeon,Bilibili Gaming,Rex Regum Qeon,1,2,Rex Regum Qeon won,
Valorant Champions 2025,Group Stage,Elimination (D),G2 Esports vs Dragon Ranger Gaming,G2 Esports,Dragon Ranger Gaming,2,0,G2 Esports won,
Valorant Champions 2025,Group Stage,Decider (C),DRX vs Team Liquid,DRX,Team Liquid,2,0,DRX won,
Valorant Champions 2025,Group Stage,Decider (A),GIANTX vs Xi Lai Gaming,GIANTX,Xi Lai Gaming,2,0,GIANTX won,
Valorant Champions 2025,Group Stage,Decider (D),T1 vs G2 Esports,T1,G2 Esports,0,2,G2 Esports won,
Valorant Champions 2025,Group Stage,Decider (B),MIBR vs Rex Regum Qeon,MIBR,Rex Regum Qeon,2,0,MIBR won,
Valorant Champions 2025,Playoffs,Upper Quarterfinals,Paper Rex vs G2 Esports,Paper Rex,G2 Esports,2,1,Paper Rex won,
Valorant Champions 2025,Playoffs,Upper Quarterfinals,FNATIC vs DRX,FNATIC,DRX,2,1,FNATIC won,
Valorant Champions 2025,Playoffs,Upper Quarterfinals,Team Heretics vs MIBR,Team Heretics,MIBR,0,2,MIBR won,
Valorant Champions 2025,Playoffs,Upper Quarterfinals,NRG vs GIANTX,NRG,GIANTX,2,0,NRG won,
Valorant Champions 2025,Playoffs,Lower Round 1,DRX vs G2 Esports,DRX,G2 Esports,2,1,DRX won,
Valorant Champions 2025,Playoffs,Lower Round 1,Team Heretics vs GIANTX,Team Heretics,GIANTX,2,1,Team Heretics won,
Valorant Champions 2025,Playoffs,Upper Semifinals,FNATIC vs Paper Rex,FNATIC,Paper Rex,2,1,FNATIC won,
Valorant Champions 2025,Playoffs,Upper Semifinals,MIBR vs NRG,MIBR,NRG,1,2,NRG won,
Valorant Champions 2025,Playoffs,Lower Round 2,Paper Rex vs Team Heretics,Paper Rex,Team Heretics,2,1,Paper Rex won,
Valorant Champions 2025,Playoffs,Lower Round 2,MIBR vs DRX,MIBR,DRX,1,2,DRX won,
Valorant Champions 2025,Playoffs,Upper Final,FNATIC vs NRG,FNATIC,NRG,0,2,NRG won,
Valorant Champions 2025,Playoffs,Lower Round 3,DRX vs Paper Rex,DRX,Paper Rex,2,0,DRX won,
Valorant Champions 2025,Playoffs,Lower Final,FNATIC vs DRX,FNATIC,DRX,3,1,FNATIC won,
Valorant Champions 2025,Playoffs,Grand Final,NRG vs FNATIC,NRG,FNATIC,3,2,NRG won,
VCT 2026: Americas Kickoff,Main Event,Upper Round 1,ENVY vs Evil Geniuses,ENVY,Evil Geniuses,2,1,ENVY won,
VCT 2026: Americas Kickoff,Main Event,Upper Round 1,LOUD vs Cloud9,LOUD,Cloud9,0,2,Cloud9 won,
VCT 2026: Americas Kickoff,Main Event,Upper Round 1,KRÜ Esports vs FURIA,KRÜ Esports,FURIA,1,2,FURIA won,
VCT 2026: Americas Kickoff,Main Event,Upper Round 1,100 Thieves vs LEVIATÁN,100 Thieves,LEVIATÁN,2,1,100 Thieves won,
VCT 2026: Americas Kickoff,Main Event,Upper Round 2,NRG vs Cloud9,NRG,Cloud9,2,0,NRG won,
VCT 2026: Americas Kickoff,Main Event,Upper Round 2,MIBR vs ENVY,MIBR,ENVY,2,0,MIBR won,
VCT 2026: Americas Kickoff,Main Event,Upper Round 2,Sentinels vs FURIA,Sentinels,FURIA,0,2,FURIA won,
VCT 2026: Americas Kickoff,Main Event,Upper Round 2,G2 Esports vs 100 Thieves,G2 Esports,100 Thieves,2,1,G2 Esports won,
VCT 2026: Americas Kickoff,Main Event,Middle Round 1,LOUD vs 100 Thieves,LOUD,100 Thieves,1,2,100 Thieves won,
VCT 2026: Americas Kickoff,Main Event,Middle Round 1,Evil Geniuses vs Sentinels,Evil Geniuses,Sentinels,0,2,Sentinels won,
VCT 2026: Americas Kickoff,Main Event,Middle Round 1,KRÜ Esports vs ENVY,KRÜ Esports,ENVY,1,2,ENVY won,
VCT 2026: Americas Kickoff,Main Event,Middle Round 1,LEVIATÁN vs Cloud9,LEVIATÁN,Cloud9,0,2,Cloud9 won,
VCT 2026: Americas Kickoff,Main Event,Middle Round 2,100 Thieves vs Sentinels,100 Thieves,Sentinels,2,0,100 Thieves won,
VCT 2026: Americas Kickoff,Main Event,Middle Round 2,ENVY vs Cloud9,ENVY,Cloud9,1,2,Cloud9 won,
VCT 2026: Americas Kickoff,Main Event,Upper Round 3,NRG vs MIBR,NRG,MIBR,1,2,MIBR won,
VCT 2026: Americas Kickoff,Main Event,Upper Round 3,FURIA vs G2 Esports,FURIA,G2 Esports,2,1,FURIA won,
VCT 2026: Americas Kickoff,Main Event,Lower Round 1,LOUD vs Evil Geniuses,LOUD,Evil Geniuses,0,2,Evil Geniuses won,
VCT 2026: Americas Kickoff,Main Event,Lower Round 1,KRÜ Esports vs LEVIATÁN,KRÜ Esports,LEVIATÁN,0,2,LEVIATÁN won,
VCT 2026: Americas Kickoff,Main Event,Middle Round 3,NRG vs 100 Thieves,NRG,100 Thieves,2,0,NRG won,
VCT 2026: Americas Kickoff,Main Event,Middle Round 3,G2 Esports vs Cloud9,G2 Esports,Cloud9,2,0,G2 Esports won,
VCT 2026: Americas Kickoff,Main Event,Lower Round 2,ENVY vs Evil Geniuses,ENVY,Evil Geniuses,0,2,Evil Geniuses won,
VCT 2026: Americas Kickoff,Main Event,Lower Round 2,Sentinels vs LEVIATÁN,Sentinels,LEVIATÁN,0,2,LEVIATÁN won,
VCT 2026: Americas Kickoff,Main Event,Lower Round 3,100 Thieves vs Evil Geniuses,100 Thieves,Evil Geniuses,2,0,100 Thieves won,
VCT 2026: Americas Kickoff,Main Event,Lower Round 3,Cloud9 vs LEVIATÁN,Cloud9,LEVIATÁN,2,0,Cloud9 won,
VCT 2026: Americas Kickoff,Main Event,Middle Round 4,NRG vs G2 Esports,NRG,G2 Esports,0,2,G2 Esports won,
VCT 2026: Americas Kickoff,Main Event,Lower Round 4,100 Thieves vs Cloud9,100 Thieves,Cloud9,2,1,100 Thieves won,
VCT 2026: Americas Kickoff,Main Event,Upper Final,MIBR vs FURIA,MIBR,FURIA,2,3,FURIA won,
VCT 2026: Americas Kickoff,Main Event,Middle Final,MIBR vs G2 Esports,MIBR,G2 Esports,0,3,G2 Esports won,
VCT 2026: Americas Kickoff,Main Event,Lower Final,MIBR vs NRG,MIBR,NRG,2,3,NRG won,
VCT 2026: EMEA Kickoff,Main Event,Upper Round 1,Natus Vincere vs Karmine Corp,Natus Vincere,Karmine Corp,2,0,Natus Vincere won,
VCT 2026: EMEA Kickoff,Main Event,Upper Round 1,FUT Esports vs Gentle Mates,FUT Esports,Gentle Mates,0,2,Gentle Mates won,
VCT 2026: EMEA Kickoff,Main Event,Upper Round 1,PCIFIC Esports vs BBL Esports,PCIFIC Esports,BBL Esports,1,2,BBL Esports won,
VCT 2026: EMEA Kickoff,Main Event,Upper Round 1,ULF Esports vs Team Vitality,ULF Esports,Team Vitality,0,2,Team Vitality won,
VCT 2026: EMEA Kickoff,Main Event,Upper Round 2,Team Heretics vs Natus Vincere,Team Heretics,Natus Vincere,1,2,Natus Vincere won,
VCT 2026: EMEA Kickoff,Main Event,Upper Round 2,GIANTX vs Gentle Mates,GIANTX,Gentle Mates,0,2,Gentle Mates won,
VCT 2026: EMEA Kickoff,Main Event,Upper Round 2,FNATIC vs BBL Esports,FNATIC,BBL Esports,0,2,BBL Esports won,
VCT 2026: EMEA Kickoff,Main Event,Upper Round 2,Team Liquid vs Team Vitality,Team Liquid,Team Vitality,1,2,Team Vitality won,
VCT 2026: EMEA Kickoff,Main Event,Middle Round 1,Karmine Corp vs Team Liquid,Karmine Corp,Team Liquid,1,2,Team Liquid won,
VCT 2026: EMEA Kickoff,Main Event,Middle Round 1,FUT Esports vs FNATIC,FUT Esports,FNATIC,1,2,FNATIC won,
VCT 2026: EMEA Kickoff,Main Event,Middle Round 1,PCIFIC Esports vs GIANTX,PCIFIC Esports,GIANTX,1,2,GIANTX won,
VCT 2026: EMEA Kickoff,Main Event,Middle Round 1,ULF Esports vs Team Heretics,ULF Esports,Team Heretics,0,2,Team Heretics won,
VCT 2026: EMEA Kickoff,Main Event,Upper Round 3,Natus Vincere vs Gentle Mates,Natus Vincere,Gentle Mates,0,2,Gentle Mates won,
VCT 2026: EMEA Kickoff,Main Event,Upper Round 3,BBL Esports vs Team Vitality,BBL Esports,Team Vitality,2,0,BBL Esports won,
VCT 2026: EMEA Kickoff,Main Event,Middle Round 2,Team Liquid vs FNATIC,Team Liquid,FNATIC,0,2,FNATIC won,
VCT 2026: EMEA Kickoff,Main Event,Middle Round 2,GIANTX vs Team Heretics,GIANTX,Team Heretics,2,0,GIANTX won,
VCT 2026: EMEA Kickoff,Main Event,Lower Round 1,Karmine Corp vs FUT Esports,Karmine Corp,FUT Esports,2,1,Karmine Corp won,
VCT 2026: EMEA Kickoff,Main Event,Lower Round 1,PCIFIC Esports vs ULF Esports,PCIFIC Esports,ULF Esports,0,2,ULF Esports won,
VCT 2026: EMEA Kickoff,Main Event,Middle Round 3,Natus Vincere vs FNATIC,Natus Vincere,FNATIC,1,2,FNATIC won,
VCT 2026: EMEA Kickoff,Main Event,Middle Round 3,Team Vitality vs GIANTX,Team Vitality,GIANTX,2,0,Team Vitality won,
VCT 2026: EMEA Kickoff,Main Event,Lower Round 2,Team Heretics vs Karmine Corp,Team Heretics,Karmine Corp,2,1,Team Heretics won,
VCT 2026: EMEA Kickoff,Main Event,Lower Round 2,Team Liquid vs ULF Esports,Team Liquid,ULF Esports,2,1,Team Liquid won,
VCT 2026: EMEA Kickoff,Main Event,Lower Round 3,Natus Vincere vs Team Heretics,Natus Vincere,Team Heretics,0,2,Team Heretics won,
VCT 2026: EMEA Kickoff,Main Event,Lower Round 3,GIANTX vs Team Liquid,GIANTX,Team Liquid,1,2,Team Liquid won,
VCT 2026: EMEA Kickoff,Main Event,Lower Round 4,Team Heretics vs Team Liquid,Team Heretics,Team Liquid,0,2,Team Liquid won,
VCT 2026: EMEA Kickoff,Main Event,Middle Round 4,FNATIC vs Team Vitality,FNATIC,Team Vitality,2,0,FNATIC won,
VCT 2026: EMEA Kickoff,Main Event,Upper Final,Gentle Mates vs BBL Esports,Gentle Mates,BBL Esports,2,3,BBL Esports won,
VCT 2026: EMEA Kickoff,Main Event,Lower Round 5,Team Vitality vs Team Liquid,Team Vitality,Team Liquid,1,2,Team Liquid won,
VCT 2026: EMEA Kickoff,Main Event,Middle Final,Gentle Mates vs FNATIC,Gentle Mates,FNATIC,3,2,Gentle Mates won,
VCT 2026: EMEA Kickoff,Main Event,Lower Final,FNATIC vs Team Liquid,FNATIC,Team Liquid,0,3,Team Liquid won,
VCT 2026: Pacific Kickoff,Main Event,Upper Round 1,Nongshim RedForce vs Team Secret,Nongshim RedForce,Team Secret,2,0,Nongshim RedForce won,
VCT 2026: Pacific Kickoff,Main Event,Upper Round 1,ZETA DIVISION vs FULL SENSE,ZETA DIVISION,FULL SENSE,0,2,FULL SENSE won,
VCT 2026: Pacific Kickoff,Main Event,Upper Round 1,VARREL vs Global Esports,VARREL,Global Esports,0,2,Global Esports won,
VCT 2026: Pacific Kickoff,Main Event,Upper Round 1,DetonatioN FocusMe vs Gen.G,DetonatioN FocusMe,Gen.G,2,0,DetonatioN FocusMe won,
VCT 2026: Pacific Kickoff,Main Event,Upper Round 2,T1 vs Nongshim RedForce,T1,Nongshim RedForce,1,2,Nongshim RedForce won,
VCT 2026: Pacific Kickoff,Main Event,Upper Round 2,DRX vs FULL SENSE,DRX,FULL SENSE,1,2,FULL SENSE won,
VCT 2026: Pacific Kickoff,Main Event,Upper Round 2,Paper Rex vs Global Esports,Paper Rex,Global Esports,2,1,Paper Rex won,
VCT 2026: Pacific Kickoff,Main Event,Upper Round 2,Rex Regum Qeon vs DetonatioN FocusMe,Rex Regum Qeon,DetonatioN FocusMe,2,0,Rex Regum Qeon won,
VCT 2026: Pacific Kickoff,Main Event,Middle Round 1,Team Secret vs DetonatioN FocusMe,Team Secret,DetonatioN FocusMe,0,2,DetonatioN FocusMe won,
VCT 2026: Pacific Kickoff,Main Event,Middle Round 1,ZETA DIVISION vs Global Esports,ZETA DIVISION,Global Esports,0,2,Global Esports won,
VCT 2026: Pacific Kickoff,Main Event,Middle Round 1,VARREL vs DRX,VARREL,DRX,1,2,DRX won,
VCT 2026: Pacific Kickoff,Main Event,Middle Round 1,Gen.G vs T1,Gen.G,T1,1,2,T1 won,
VCT 2026: Pacific Kickoff,Main Event,Upper Round 3,Nongshim RedForce vs FULL SENSE,Nongshim RedForce,FULL SENSE,2,0,Nongshim RedForce won,
VCT 2026: Pacific Kickoff,Main Event,Upper Round 3,Paper Rex vs Rex Regum Qeon,Paper Rex,Rex Regum Qeon,0,2,Rex Regum Qeon won,
VCT 2026: Pacific Kickoff,Main Event,Middle Round 2,DetonatioN FocusMe vs Global Esports,DetonatioN FocusMe,Global Esports,2,1,DetonatioN FocusMe won,
VCT 2026: Pacific Kickoff,Main Event,Middle Round 2,DRX vs T1,DRX,T1,0,2,T1 won,
VCT 2026: Pacific Kickoff,Main Event,Lower Round 1,Team Secret vs ZETA DIVISION,Team Secret,ZETA DIVISION,1,2,ZETA DIVISION won,
VCT 2026: Pacific Kickoff,Main Event,Lower Round 1,VARREL vs Gen.G,VARREL,Gen.G,1,2,Gen.G won,
VCT 2026: Pacific Kickoff,Main Event,Middle Round 3,FULL SENSE vs DetonatioN FocusMe,FULL SENSE,DetonatioN FocusMe,1,2,DetonatioN FocusMe won,
VCT 2026: Pacific Kickoff,Main Event,Middle Round 3,Paper Rex vs T1,Paper Rex,T1,1,2,T1 won,
VCT 2026: Pacific Kickoff,Main Event,Lower Round 2,DRX vs ZETA DIVISION,DRX,ZETA DIVISION,2,1,DRX won,
VCT 2026: Pacific Kickoff,Main Event,Lower Round 2,Global Esports vs Gen.G,Global Esports,Gen.G,2,1,Global Esports won,
VCT 2026: Pacific Kickoff,Main Event,Lower Round 3,FULL SENSE vs DRX,FULL SENSE,DRX,0,2,DRX won,
VCT 2026: Pacific Kickoff,Main Event,Lower Round 4,DRX vs Paper Rex,DRX,Paper Rex,1,2,Paper Rex won,
VCT 2026: Pacific Kickoff,Main Event,Middle Round 4,DetonatioN FocusMe vs T1,DetonatioN FocusMe,T1,0,2,T1 won,
VCT 2026: Pacific Kickoff,Main Event,Upper Final,Nongshim RedForce vs Rex Regum Qeon,Nongshim RedForce,Rex Regum Qeon,3,2,Nongshim RedForce won,
VCT 2026: Pacific Kickoff,Main Event,Lower Round 5,DetonatioN FocusMe vs Paper Rex,DetonatioN FocusMe,Paper Rex,0,2,Paper Rex won,
VCT 2026: Pacific Kickoff,Main Event,Middle Final,Rex Regum Qeon vs T1,Rex Regum Qeon,T1,0,3,T1 won,
VCT 2026: Pacific Kickoff,Main Event,Lower Final,Rex Regum Qeon vs Paper Rex,Rex Regum Qeon,Paper Rex,1,3,Paper Rex won,
VCT 2026: China Kickoff,Main Event,Upper Round 1,Trace Esports vs Wolves Esports,Trace Esports,Wolves Esports,1,2,Wolves Esports won,
VCT 2026: China Kickoff,Main Event,Upper Round 1,FunPlus Phoenix vs TYLOO,FunPlus Phoenix,TYLOO,0,2,TYLOO won,
VCT 2026: China Kickoff,Main Event,Upper Round 1,All Gamers vs Nova Esports,All Gamers,Nova Esports,2,0,All Gamers won,
VCT 2026: China Kickoff,Main Event,Upper Round 1,JDG Esports vs Titan Esports Club,JDG Esports,Titan Esports Club,2,1,JDG Esports won,
VCT 2026: China Kickoff,Main Event,Upper Round 2,Xi Lai Gaming vs Wolves Esports,Xi Lai Gaming,Wolves Esports,2,0,Xi Lai Gaming won,
VCT 2026: China Kickoff,Main Event,Upper Round 2,EDward Gaming vs TYLOO,EDward Gaming,TYLOO,2,0,EDward Gaming won,
VCT 2026: China Kickoff,Main Event,Upper Round 2,Bilibili Gaming vs All Gamers,Bilibili Gaming,All Gamers,0,2,All Gamers won,
VCT 2026: China Kickoff,Main Event,Upper Round 2,Dragon Ranger Gaming vs JDG Esports,Dragon Ranger Gaming,JDG Esports,2,1,Dragon Ranger Gaming won,
VCT 2026: China Kickoff,Main Event,Middle Round 1,Nova Esports vs TYLOO,Nova Esports,TYLOO,0,2,TYLOO won,
VCT 2026: China Kickoff,Main Event,Middle Round 1,Titan Esports Club vs Wolves Esports,Titan Esports Club,Wolves Esports,2,1,Titan Esports Club won,
VCT 2026: China Kickoff,Main Event,Middle Round 1,Trace Esports vs JDG Esports,Trace Esports,JDG Esports,2,1,Trace Esports won,
VCT 2026: China Kickoff,Main Event,Middle Round 1,FunPlus Phoenix vs Bilibili Gaming,FunPlus Phoenix,Bilibili Gaming,0,2,Bilibili Gaming won,
VCT 2026: China Kickoff,Main Event,Middle Round 2,TYLOO vs Titan Esports Club,TYLOO,Titan Esports Club,2,1,TYLOO won,
VCT 2026: China Kickoff,Main Event,Middle Round 2,Trace Esports vs Bilibili Gaming,Trace Esports,Bilibili Gaming,0,2,Bilibili Gaming won,
VCT 2026: China Kickoff,Main Event,Lower Round 1,Nova Esports vs Wolves Esports,Nova Esports,Wolves Esports,1,2,Wolves Esports won,
VCT 2026: China Kickoff,Main Event,Upper Round 3,All Gamers vs Dragon Ranger Gaming,All Gamers,Dragon Ranger Gaming,2,1,All Gamers won,
VCT 2026: China Kickoff,Main Event,Lower Round 1,JDG Esports vs FunPlus Phoenix,JDG Esports,FunPlus Phoenix,2,1,JDG Esports won,
VCT 2026: China Kickoff,Main Event,Upper Round 3,Xi Lai Gaming vs EDward Gaming,Xi Lai Gaming,EDward Gaming,2,0,Xi Lai Gaming won,
VCT 2026: China Kickoff,Main Event,Lower Round 2,Trace Esports vs Wolves Esports,Trace Esports,Wolves Esports,2,1,Trace Esports won,
VCT 2026: China Kickoff,Main Event,Middle Round 3,Dragon Ranger Gaming vs TYLOO,Dragon Ranger Gaming,TYLOO,2,1,Dragon Ranger Gaming won,
VCT 2026: China Kickoff,Main Event,Lower Round 2,Titan Esports Club vs JDG Esports,Titan Esports Club,JDG Esports,1,2,JDG Esports won,
VCT 2026: China Kickoff,Main Event,Middle Round 3,EDward Gaming vs Bilibili Gaming,EDward Gaming,Bilibili Gaming,1,2,Bilibili Gaming won,
VCT 2026: China Kickoff,Main Event,Lower Round 3,TYLOO vs Trace Esports,TYLOO,Trace Esports,2,0,TYLOO won,
VCT 2026: China Kickoff,Main Event,Lower Round 3,EDward Gaming vs JDG Esports,EDward Gaming,JDG Esports,2,1,EDward Gaming won,
VCT 2026: China Kickoff,Main Event,Middle Round 4,Dragon Ranger Gaming vs Bilibili Gaming,Dragon Ranger Gaming,Bilibili Gaming,0,2,Bilibili Gaming won,
VCT 2026: China Kickoff,Main Event,Lower Round 4,TYLOO vs EDward Gaming,TYLOO,EDward Gaming,1,2,EDward Gaming won,
VCT 2026: China Kickoff,Main Event,Lower Round 5,Dragon Ranger Gaming vs EDward Gaming,Dragon Ranger Gaming,EDward Gaming,1,2,EDward Gaming won,
VCT 2026: China Kickoff,Main Event,Upper Final,All Gamers vs Xi Lai Gaming,All Gamers,Xi Lai Gaming,3,2,All Gamers won,
VCT 2026: China Kickoff,Main Event,Middle Final,Xi Lai Gaming vs Bilibili Gaming,Xi Lai Gaming,Bilibili Gaming,3,2,Xi Lai Gaming won,
VCT 2026: China Kickoff,Main Event,Lower Final,Bilibili Gaming vs EDward Gaming,Bilibili Gaming,EDward Gaming,1,3,EDward Gaming won,
VCT 2026: China Stage 1,Group Stage,Week 1,Titan Esports Club vs All Gamers,Titan Esports Club,All Gamers,2,1,Titan Esports Club won,
VCT 2026: China Stage 1,Group Stage,Week 1,Nova Esports vs EDward Gaming,Nova Esports,EDward Gaming,0,2,EDward Gaming won,
VCT 2026: China Stage 1,Group Stage,Week 1,JDG Esports vs FunPlus Phoenix,JDG Esports,FunPlus Phoenix,2,1,JDG Esports won,
VCT 2026: China Stage 1,Group Stage,Week 1,Dragon Ranger Gaming vs Xi Lai Gaming,Dragon Ranger Gaming,Xi Lai Gaming,0,2,Xi Lai Gaming won,
VCT 2026: China Stage 1,Group Stage,Week 1,Bilibili Gaming vs TYLOO,Bilibili Gaming,TYLOO,2,1,Bilibili Gaming won,
VCT 2026: China Stage 1,Group Stage,Week 1,Dragon Ranger Gaming vs Nova Esports,Dragon Ranger Gaming,Nova Esports,0,2,Nova Esports won,
VCT 2026: China Stage 1,Group Stage,Week 1,FunPlus Phoenix vs All Gamers,FunPlus Phoenix,All Gamers,0,2,All Gamers won,
VCT 2026: China Stage 1,Group Stage,Week 1,TYLOO vs Titan Esports Club,TYLOO,Titan Esports Club,2,0,TYLOO won,
VCT 2026: China Stage 1,Group Stage,Week 1,Wolves Esports vs EDward Gaming,Wolves Esports,EDward Gaming,2,0,Wolves Esports won,
VCT 2026: China Stage 1,Group Stage,Week 1,Trace Esports vs Xi Lai Gaming,Trace Esports,Xi Lai Gaming,2,1,Trace Esports won,
VCT 2026: China Stage 1,Group Stage,Week 1,Bilibili Gaming vs JDG Esports,Bilibili Gaming,JDG Esports,0,2,JDG Esports won,
VCT 2026: China Stage 1,Group Stage,Week 2,FunPlus Phoenix vs TYLOO,FunPlus Phoenix,TYLOO,1,2,TYLOO won,
VCT 2026: China Stage 1,Group Stage,Week 2,Titan Esports Club vs Bilibili Gaming,Titan Esports Club,Bilibili Gaming,0,2,Bilibili Gaming won,
VCT 2026: China Stage 1,Group Stage,Week 2,Xi Lai Gaming vs Nova Esports,Xi Lai Gaming,Nova Esports,0,2,Nova Esports won,
VCT 2026: China Stage 1,Group Stage,Week 2,EDward Gaming vs Trace Esports,EDward Gaming,Trace Esports,2,0,EDward Gaming won,
VCT 2026: China Stage 1,Group Stage,Week 2,JDG Esports vs All Gamers,JDG Esports,All Gamers,0,2,All Gamers won,
VCT 2026: China Stage 1,Group Stage,Week 2,Dragon Ranger Gaming vs Wolves Esports,Dragon Ranger Gaming,Wolves Esports,2,1,Dragon Ranger Gaming won,
VCT 2026: China Stage 1,Group Stage,Week 2,Nova Esports vs Trace Esports,Nova Esports,Trace Esports,0,2,Trace Esports won,
VCT 2026: China Stage 1,Group Stage,Week 2,FunPlus Phoenix vs Bilibili Gaming,FunPlus Phoenix,Bilibili Gaming,2,1,FunPlus Phoenix won,
VCT 2026: China Stage 1,Group Stage,Week 2,All Gamers vs TYLOO,All Gamers,TYLOO,2,1,All Gamers won,
VCT 2026: China Stage 1,Group Stage,Week 2,EDward Gaming vs Dragon Ranger Gaming,EDward Gaming,Dragon Ranger Gaming,1,2,Dragon Ranger Gaming won,
VCT 2026: China Stage 1,Group Stage,Week 2,JDG Esports vs Titan Esports Club,JDG Esports,Titan Esports Club,2,0,JDG Esports won,
VCT 2026: China Stage 1,Group Stage,Week 2,Xi Lai Gaming vs Wolves Esports,Xi Lai Gaming,Wolves Esports,2,1,Xi Lai Gaming won,
VCT 2026: China Stage 1,Group Stage,Week 3,TYLOO vs JDG Esports,TYLOO,JDG Esports,2,0,TYLOO won,
VCT 2026: China Stage 1,Group Stage,Week 3,Trace Esports vs Dragon Ranger Gaming,Trace Esports,Dragon Ranger Gaming,2,1,Trace Esports won,
VCT 2026: China Stage 1,Group Stage,Week 3,All Gamers vs Bilibili Gaming,All Gamers,Bilibili Gaming,1,2,Bilibili Gaming won,
VCT 2026: China Stage 1,Group Stage,Week 3,Nova Esports vs Wolves Esports,Nova Esports,Wolves Esports,2,0,Nova Esports won,
VCT 2026: China Stage 1,Group Stage,Week 3,EDward Gaming vs Xi Lai Gaming,EDward Gaming,Xi Lai Gaming,2,1,EDward Gaming won,
VCT 2026: China Stage 1,Group Stage,Seeding,All Gamers vs Xi Lai Gaming,All Gamers,Xi Lai Gaming,1,2,Xi Lai Gaming won,
VCT 2026: China Stage 1,Group Stage,Seeding,JDG Esports vs EDward Gaming,JDG Esports,EDward Gaming,1,2,EDward Gaming won,
VCT 2026: China Stage 1,Group Stage,Seeding,TYLOO vs Dragon Ranger Gaming,TYLOO,Dragon Ranger Gaming,2,0,TYLOO won,
VCT 2026: Pacific Stage 1,Group Stage,Week 1,Gen.G vs Global Esports,Gen.G,Global Esports,0,2,Global Esports won,
VCT 2026: Pacific Stage 1,Group Stage,Week 1,T1 vs VARREL,T1,VARREL,0,2,VARREL won,
VCT 2026: Pacific Stage 1,Group Stage,Week 1,Nongshim RedForce vs Paper Rex,Nongshim RedForce,Paper Rex,1,2,Paper Rex won,
VCT 2026: Pacific Stage 1,Group Stage,Week 1,FULL SENSE vs DetonatioN FocusMe,FULL SENSE,DetonatioN FocusMe,0,2,DetonatioN FocusMe won,
VCT 2026: Pacific Stage 1,Group Stage,Week 1,Team Secret vs Kiwoom DRX,Team Secret,Kiwoom DRX,2,0,Team Secret won,
VCT 2026: Pacific Stage 1,Group Stage,Week 1,Rex Regum Qeon vs ZETA DIVISION,Rex Regum Qeon,ZETA DIVISION,2,1,Rex Regum Qeon won,
VCT 2026: Pacific Stage 1,Group Stage,Week 2,DetonatioN FocusMe vs T1,DetonatioN FocusMe,T1,0,2,T1 won,
VCT 2026: Pacific Stage 1,Group Stage,Week 2,Nongshim RedForce vs Kiwoom DRX,Nongshim RedForce,Kiwoom DRX,2,1,Nongshim RedForce won,
VCT 2026: Pacific Stage 1,Group Stage,Week 2,Team Secret vs Global Esports,Team Secret,Global Esports,2,0,Team Secret won,
VCT 2026: Pacific Stage 1,Group Stage,Week 2,Rex Regum Qeon vs VARREL,Rex Regum Qeon,VARREL,0,2,VARREL won,
VCT 2026: Pacific Stage 1,Group Stage,Week 2,FULL SENSE vs ZETA DIVISION,FULL SENSE,ZETA DIVISION,2,0,FULL SENSE won,
VCT 2026: Pacific Stage 1,Group Stage,Week 2,Gen.G vs Paper Rex,Gen.G,Paper Rex,2,1,Gen.G won,
VCT 2026: Pacific Stage 1,Group Stage,Week 3,FULL SENSE vs VARREL,FULL SENSE,VARREL,0,2,VARREL won,
VCT 2026: Pacific Stage 1,Group Stage,Week 3,Team Secret vs Paper Rex,Team Secret,Paper Rex,2,0,Team Secret won,
VCT 2026: Pacific Stage 1,Group Stage,Week 3,Kiwoom DRX vs Global Esports,Kiwoom DRX,Global Esports,2,0,Kiwoom DRX won,
VCT 2026: Pacific Stage 1,Group Stage,Week 3,ZETA DIVISION vs DetonatioN FocusMe,ZETA DIVISION,DetonatioN FocusMe,2,1,ZETA DIVISION won,
VCT 2026: Pacific Stage 1,Group Stage,Week 3,Rex Regum Qeon vs T1,Rex Regum Qeon,T1,2,0,Rex Regum Qeon won,
VCT 2026: Pacific Stage 1,Group Stage,Week 3,Nongshim RedForce vs Gen.G,Nongshim RedForce,Gen.G,0,2,Gen.G won,
VCT 2026: Pacific Stage 1,Group Stage,Week 4,Rex Regum Qeon vs FULL SENSE,Rex Regum Qeon,FULL SENSE,1,2,FULL SENSE won,
VCT 2026: Pacific Stage 1,Group Stage,Week 4,Paper Rex vs Global Esports,Paper Rex,Global Esports,0,2,Global Esports won,
VCT 2026: Pacific Stage 1,Group Stage,Week 4,Gen.G vs Kiwoom DRX,Gen.G,Kiwoom DRX,1,2,Kiwoom DRX won,
VCT 2026: Pacific Stage 1,Group Stage,Week 4,DetonatioN FocusMe vs VARREL,DetonatioN FocusMe,VARREL,1,2,VARREL won,
VCT 2026: Pacific Stage 1,Group Stage,Week 4,T1 vs ZETA DIVISION,T1,ZETA DIVISION,2,0,T1 won,
VCT 2026: Pacific Stage 1,Group Stage,Week 4,Nongshim RedForce vs Team Secret,Nongshim RedForce,Team Secret,2,1,Nongshim RedForce won,
VCT 2026: Pacific Stage 1,Group Stage,Week 5,Gen.G vs Team Secret,Gen.G,Team Secret,1,2,Team Secret won,
VCT 2026: Pacific Stage 1,Group Stage,Week 5,VARREL vs ZETA DIVISION,VARREL,ZETA DIVISION,1,2,ZETA DIVISION won,
VCT 2026: Pacific Stage 1,Group Stage,Week 5,T1 vs FULL SENSE,T1,FULL SENSE,2,1,T1 won,
VCT 2026: Pacific Stage 1,Group Stage,Week 5,Nongshim RedForce vs Global Esports,Nongshim RedForce,Global Esports,1,2,Global Esports won,
VCT 2026: Pacific Stage 1,Group Stage,Week 5,Paper Rex vs Kiwoom DRX,Paper Rex,Kiwoom DRX,0,2,Kiwoom DRX won,
VCT 2026: Pacific Stage 1,Group Stage,Week 5,Rex Regum Qeon vs DetonatioN FocusMe,Rex Regum Qeon,DetonatioN FocusMe,1,2,DetonatioN FocusMe won,
VCT 2026: EMEA Stage 1,Group Stage,Week 1,FNATIC vs Eternal Fire,FNATIC,Eternal Fire,2,1,FNATIC won,
VCT 2026: EMEA Stage 1,Group Stage,Week 1,Team Vitality vs GIANTX,Team Vitality,GIANTX,2,0,Team Vitality won,
VCT 2026: EMEA Stage 1,Group Stage,Week 1,Gentle Mates vs FUT Esports,Gentle Mates,FUT Esports,1,2,FUT Esports won,
VCT 2026: EMEA Stage 1,Group Stage,Week 1,Team Heretics vs Natus Vincere,Team Heretics,Natus Vincere,1,2,Natus Vincere won,
VCT 2026: EMEA Stage 1,Group Stage,Week 1,BBL Esports vs PCIFIC Esports,BBL Esports,PCIFIC Esports,2,0,BBL Esports won,
VCT 2026: EMEA Stage 1,Group Stage,Week 2,BBL Esports vs Eternal Fire,BBL Esports,Eternal Fire,0,2,Eternal Fire won,
VCT 2026: EMEA Stage 1,Group Stage,Week 2,FNATIC vs Team Vitality,FNATIC,Team Vitality,2,0,FNATIC won,
VCT 2026: EMEA Stage 1,Group Stage,Week 2,Team Liquid vs Team Heretics,Team Liquid,Team Heretics,0,2,Team Heretics won,
VCT 2026: EMEA Stage 1,Group Stage,Week 2,Gentle Mates vs Karmine Corp,Gentle Mates,Karmine Corp,2,1,Gentle Mates won,
VCT 2026: EMEA Stage 1,Group Stage,Week 3,BBL Esports vs GIANTX,BBL Esports,GIANTX,1,2,GIANTX won,
VCT 2026: EMEA Stage 1,Group Stage,Week 3,Gentle Mates vs Natus Vincere,Gentle Mates,Natus Vincere,2,0,Gentle Mates won,
VCT 2026: EMEA Stage 1,Group Stage,Week 3,Eternal Fire vs Team Vitality,Eternal Fire,Team Vitality,0,2,Team Vitality won,
VCT 2026: EMEA Stage 1,Group Stage,Week 3,Karmine Corp vs Team Heretics,Karmine Corp,Team Heretics,2,1,Karmine Corp won,
VCT 2026: EMEA Stage 1,Group Stage,Week 3,PCIFIC Esports vs FNATIC,PCIFIC Esports,FNATIC,2,0,PCIFIC Esports won,
VCT 2026: EMEA Stage 1,Group Stage,Week 4,GIANTX vs FNATIC,GIANTX,FNATIC,2,1,GIANTX won,
VCT 2026: EMEA Stage 1,Group Stage,Week 4,Gentle Mates vs Team Heretics,Gentle Mates,Team Heretics,0,2,Team Heretics won,
VCT 2026: EMEA Stage 1,Group Stage,Week 4,BBL Esports vs Team Vitality,BBL Esports,Team Vitality,2,1,BBL Esports won,
VCT 2026: EMEA Stage 1,Group Stage,Week 5,Team Heretics vs FUT Esports,Team Heretics,FUT Esports,2,0,Team Heretics won,
VCT 2026: EMEA Stage 1,Group Stage,Week 5,Team Vitality vs PCIFIC Esports,Team Vitality,PCIFIC Esports,2,0,Team Vitality won,
VCT 2026: EMEA Stage 1,Group Stage,Week 5,BBL Esports vs FNATIC,BBL Esports,FNATIC,0,2,FNATIC won,
VCT 2026: EMEA Stage 1,Group Stage,Week 5,Gentle Mates vs Team Liquid,Gentle Mates,Team Liquid,0,2,Team Liquid won,
VCT 2026: Americas Stage 1,Group Stage,Week 1,Sentinels vs KRÜ Esports,Sentinels,KRÜ Esports,2,0,Sentinels won,
VCT 2026: Americas Stage 1,Group Stage,Week 1,G2 Esports vs MIBR,G2 Esports,MIBR,2,0,G2 Esports won,
VCT 2026: Americas Stage 1,Group Stage,Week 1,100 Thieves vs Evil Geniuses,100 Thieves,Evil Geniuses,2,0,100 Thieves won,
VCT 2026: Americas Stage 1,Group Stage,Week 1,ENVY vs LOUD,ENVY,LOUD,2,1,ENVY won,
VCT 2026: Americas Stage 1,Group Stage,Week 1,Cloud9 vs LEVIATÁN,Cloud9,LEVIATÁN,2,0,Cloud9 won,
VCT 2026: Americas Stage 1,Group Stage,Week 1,FURIA vs NRG,FURIA,NRG,2,0,FURIA won,
VCT 2026: Americas Stage 1,Group Stage,Week 2,Cloud9 vs ENVY,Cloud9,ENVY,2,1,Cloud9 won,
VCT 2026: Americas Stage 1,Group Stage,Week 2,FURIA vs Evil Geniuses,FURIA,Evil Geniuses,2,1,FURIA won,
VCT 2026: Americas Stage 1,Group Stage,Week 2,G2 Esports vs LEVIATÁN,G2 Esports,LEVIATÁN,2,1,G2 Esports won,
VCT 2026: Americas Stage 1,Group Stage,Week 2,MIBR vs LOUD,MIBR,LOUD,0,2,LOUD won,
VCT 2026: Americas Stage 1,Group Stage,Week 2,NRG vs KRÜ Esports,NRG,KRÜ Esports,2,0,NRG won,
VCT 2026: Americas Stage 1,Group Stage,Week 2,100 Thieves vs Sentinels,100 Thieves,Sentinels,2,0,100 Thieves won,
VCT 2026: Americas Stage 1,Group Stage,Week 3,LEVIATÁN vs ENVY,LEVIATÁN,ENVY,0,2,ENVY won,
VCT 2026: Americas Stage 1,Group Stage,Week 3,G2 Esports vs LOUD,G2 Esports,LOUD,0,2,LOUD won,
VCT 2026: Americas Stage 1,Group Stage,Week 3,FURIA vs KRÜ Esports,FURIA,KRÜ Esports,2,0,FURIA won,
VCT 2026: Americas Stage 1,Group Stage,Week 3,NRG vs 100 Thieves,NRG,100 Thieves,1,2,100 Thieves won,
VCT 2026: Americas Stage 1,Group Stage,Week 3,Evil Geniuses vs Sentinels,Evil Geniuses,Sentinels,2,0,Evil Geniuses won,
VCT 2026: Americas Stage 1,Group Stage,Week 3,MIBR vs Cloud9,MIBR,Cloud9,0,2,Cloud9 won,
VCT 2026: Americas Stage 1,Group Stage,Week 4,Evil Geniuses vs NRG,Evil Geniuses,NRG,2,0,Evil Geniuses won,
VCT 2026: Americas Stage 1,Group Stage,Week 4,LEVIATÁN vs MIBR,LEVIATÁN,MIBR,2,0,LEVIATÁN won,
VCT 2026: Americas Stage 1,Group Stage,Week 4,KRÜ Esports vs 100 Thieves,KRÜ Esports,100 Thieves,1,2,100 Thieves won,
VCT 2026: Americas Stage 1,Group Stage,Week 4,FURIA vs Sentinels,FURIA,Sentinels,2,1,FURIA won,
VCT 2026: Americas Stage 1,Group Stage,Week 4,LOUD vs Cloud9,LOUD,Cloud9,2,1,LOUD won,
VCT 2026: Americas Stage 1,Group Stage,Week 4,G2 Esports vs ENVY,G2 Esports,ENVY,0,2,ENVY won,
VCT 2026: Americas Stage 1,Group Stage,Week 5,KRÜ Esports vs Evil Geniuses,KRÜ Esports,Evil Geniuses,2,1,KRÜ Esports won,
VCT 2026: Americas Stage 1,Group Stage,Week 5,FURIA vs 100 Thieves,FURIA,100 Thieves,1,2,100 Thieves won,
VCT 2026: Americas Stage 1,Group Stage,Week 5,G2 Esports vs Cloud9,G2 Esports,Cloud9,2,0,G2 Esports won,
VCT 2026: Americas Stage 1,Group Stage,Week 5,ENVY vs MIBR,ENVY,MIBR,0,2,MIBR won,
VCT 2026: Americas Stage 1,Group Stage,Week 5,LOUD vs LEVIATÁN,LOUD,LEVIATÁN,2,1,LOUD won,
VCT 2026: Americas Stage 1,Group Stage,Week 5,Sentinels vs NRG,Sentinels,NRG,1,2,NRG won,
VCT 2026: China Stage 1,Playoffs,Upper Quarterfinals,Xi Lai Gaming vs Titan Esports Club,Xi Lai Gaming,Titan Esports Club,2,0,Xi Lai Gaming won,
VCT 2026: China Stage 1,Playoffs,Upper Quarterfinals,JDG Esports vs TYLOO,JDG Esports,TYLOO,2,1,JDG Esports won,
VCT 2026: China Stage 1,Playoffs,Upper Quarterfinals,All Gamers vs Trace Esports,All Gamers,Trace Esports,2,0,All Gamers won,
VCT 2026: China Stage 1,Playoffs,Upper Semifinals,Xi Lai Gaming vs JDG Esports,Xi Lai Gaming,JDG Esports,0,2,JDG Esports won,
VCT 2026: China Stage 1,Playoffs,Upper Semifinals,All Gamers vs EDward Gaming,All Gamers,EDward Gaming,0,2,EDward Gaming won,
VCT 2026: China Stage 1,Playoffs,Upper Final,Xi Lai Gaming vs EDward Gaming,Xi Lai Gaming,EDward Gaming,0,2,EDward Gaming won,
VCT 2026: China Stage 1,Playoffs,Grand Final,EDward Gaming vs Xi Lai Gaming,EDward Gaming,Xi Lai Gaming,2,3,Xi Lai Gaming won,
VCT 2026: China Stage 1,Playoffs,Lower Round 1,Titan Esports Club vs TYLOO,Titan Esports Club,TYLOO,2,1,Titan Esports Club won,
VCT 2026: China Stage 1,Playoffs,Lower Round 1,Trace Esports vs Dragon Ranger Gaming,Trace Esports,Dragon Ranger Gaming,2,0,Trace Esports won,
VCT 2026: China Stage 1,Playoffs,Lower Round 2,All Gamers vs TYLOO,All Gamers,TYLOO,1,2,TYLOO won,
VCT 2026: China Stage 1,Playoffs,Lower Round 2,JDG Esports vs Dragon Ranger Gaming,JDG Esports,Dragon Ranger Gaming,0,2,Dragon Ranger Gaming won,
VCT 2026: China Stage 1,Playoffs,Lower Round 3,All Gamers vs Dragon Ranger Gaming,All Gamers,Dragon Ranger Gaming,1,2,Dragon Ranger Gaming won,
VCT 2026: China Stage 1,Playoffs,Lower Final,Xi Lai Gaming vs Dragon Ranger Gaming,Xi Lai Gaming,Dragon Ranger Gaming,1,3,Dragon Ranger Gaming won,
VCT 2026: Americas Stage 1,Playoffs,Upper Round 1,FURIA vs LEVIATÁN,FURIA,LEVIATÁN,1,2,LEVIATÁN won,
VCT 2026: Americas Stage 1,Playoffs,Upper Round 1,G2 Esports vs 100 Thieves,G2 Esports,100 Thieves,0,2,100 Thieves won,
VCT 2026: Americas Stage 1,Playoffs,Upper Semifinals,MIBR vs LEVIATÁN,MIBR,LEVIATÁN,1,2,LEVIATÁN won,
VCT 2026: Americas Stage 1,Playoffs,Upper Semifinals,KRÜ Esports vs G2 Esports,KRÜ Esports,G2 Esports,0,2,G2 Esports won,
VCT 2026: Americas Stage 1,Playoffs,Grand Final,LEVIATÁN vs G2 Esports,LEVIATÁN,G2 Esports,2,3,G2 Esports won,
VCT 2026: Americas Stage 1,Playoffs,Lower Round 1,FURIA vs NRG,FURIA,NRG,0,2,NRG won,
VCT 2026: Americas Stage 1,Playoffs,Lower Round 1,100 Thieves vs LOUD,100 Thieves,LOUD,0,2,LOUD won,
VCT 2026: Americas Stage 1,Playoffs,Lower Round 2,KRÜ Esports vs NRG,KRÜ Esports,NRG,0,2,NRG won,
VCT 2026: Americas Stage 1,Playoffs,Lower Round 2,MIBR vs 100 Thieves,MIBR,100 Thieves,0,2,100 Thieves won,
VCT 2026: Americas Stage 1,Playoffs,Lower Round 3,NRG vs 100 Thieves,NRG,100 Thieves,0,2,100 Thieves won,
VCT 2026: Americas Stage 1,Playoffs,Lower Final,G2 Esports vs NRG,G2 Esports,NRG,2,3,NRG won,
VCT 2026: EMEA Stage 1,Playoffs,Upper Round 1,Eternal Fire vs Team Heretics,Eternal Fire,Team Heretics,1,2,Team Heretics won,
VCT 2026: EMEA Stage 1,Playoffs,Upper Round 1,Team Liquid vs Team Vitality,Team Liquid,Team Vitality,2,1,Team Liquid won,
VCT 2026: EMEA Stage 1,Playoffs,Upper Semifinals,FNATIC vs Team Vitality,FNATIC,Team Vitality,0,2,Team Vitality won,
VCT 2026: EMEA Stage 1,Playoffs,Upper Final,FUT Esports vs Team Vitality,FUT Esports,Team Vitality,2,1,FUT Esports won,
VCT 2026: EMEA Stage 1,Playoffs,Grand Final,Team Vitality vs Team Heretics,Team Vitality,Team Heretics,2,3,Team Heretics won,
VCT 2026: EMEA Stage 1,Playoffs,Lower Round 1,Team Heretics vs BBL Esports,Team Heretics,BBL Esports,0,2,BBL Esports won,
VCT 2026: EMEA Stage 1,Playoffs,Lower Round 1,Team Liquid vs Gentle Mates,Team Liquid,Gentle Mates,2,1,Team Liquid won,
VCT 2026: EMEA Stage 1,Playoffs,Lower Round 2,FNATIC vs Team Heretics,FNATIC,Team Heretics,1,2,Team Heretics won,
VCT 2026: EMEA Stage 1,Playoffs,Lower Round 2,Eternal Fire vs Gentle Mates,Eternal Fire,Gentle Mates,0,2,Gentle Mates won,
VCT 2026: EMEA Stage 1,Playoffs,Lower Round 3,Team Heretics vs Eternal Fire,Team Heretics,Eternal Fire,2,1,Team Heretics won,
VCT 2026: EMEA Stage 1,Playoffs,Lower Final,FUT Esports vs Team Heretics,FUT Esports,Team Heretics,3,1,FUT Esports won,
VCT 2026: Pacific Stage 1,Playoffs,Upper Round 1,Rex Regum Qeon vs Global Esports,Rex Regum Qeon,Global Esports,2,0,Rex Regum Qeon won,
VCT 2026: Pacific Stage 1,Playoffs,Upper Round 1,Kiwoom DRX vs FULL SENSE,Kiwoom DRX,FULL SENSE,0,2,FULL SENSE won,
VCT 2026: Pacific Stage 1,Playoffs,Upper Semifinals,Paper Rex vs Global Esports,Paper Rex,Global Esports,2,1,Paper Rex won,
VCT 2026: Pacific Stage 1,Playoffs,Upper Semifinals,T1 vs FULL SENSE,T1,FULL SENSE,0,2,FULL SENSE won,
VCT 2026: Pacific Stage 1,Playoffs,Upper Final,Global Esports vs FULL SENSE,Global Esports,FULL SENSE,2,0,Global Esports won,
VCT 2026: Pacific Stage 1,Playoffs,Grand Final,FULL SENSE vs Paper Rex,FULL SENSE,Paper Rex,0,3,Paper Rex won,
VCT 2026: Pacific Stage 1,Playoffs,Lower Round 2,T1 vs Rex Regum Qeon,T1,Rex Regum Qeon,2,1,T1 won,
VCT 2026: Pacific Stage 1,Playoffs,Lower Round 2,Paper Rex vs Kiwoom DRX,Paper Rex,Kiwoom DRX,1,2,Kiwoom DRX won,
VCT 2026: Pacific Stage 1,Playoffs,Lower Round 3,T1 vs Paper Rex,T1,Paper Rex,1,2,Paper Rex won,
VCT 2026: Pacific Stage 1,Playoffs,Lower Final,Global Esports vs Paper Rex,Global Esports,Paper Rex,0,3,Paper Rex won,
VCT 2026: China Stage 2,Group Stage,Week 1,Wolves Esports vs Titan Esports Club,Wolves Esports,Titan Esports Club,2,0,Wolves Esports won,"Thursday, July 9 1:30 PM IST"
VCT 2026: China Stage 2,Group Stage,Week 1,Dragon Ranger Gaming vs Bilibili Gaming,Dragon Ranger Gaming,Bilibili Gaming,2,0,Dragon Ranger Gaming won,"Thursday, July 9 3:50 PM IST"
VCT 2026: China Stage 2,Group Stage,Week 1,FunPlus Phoenix vs Trace Esports,FunPlus Phoenix,Trace Esports,2,0,FunPlus Phoenix won,"Friday, July 10 1:30 PM IST"
VCT 2026: China Stage 2,Group Stage,Week 1,JDG Esports vs TYLOO,JDG Esports,TYLOO,0,2,TYLOO won,"Friday, July 10 3:40 PM IST"
VCT 2026: Pacific Stage 2,Group Stage,Week 1,Gen.G vs ZETA DIVISION,Gen.G,ZETA DIVISION,2,0,Gen.G won,"Thursday, July 16 1:30 PM IST Patch 13.01"
VCT 2026: Pacific Stage 2,Group Stage,Week 1,Team Secret vs VARREL,Team Secret,VARREL,1,2,VARREL won,"Thursday, July 16 4:35 PM IST Patch 13.01"
VCT 2026: Pacific Stage 2,Group Stage,Week 1,FULL SENSE vs Nongshim RedForce,FULL SENSE,Nongshim RedForce,2,1,FULL SENSE won,"Friday, July 17 1:30 PM IST Patch 13.01"
VCT 2026: Pacific Stage 2,Group Stage,Week 1,Kiwoom DRX vs DetonatioN FocusMe,Kiwoom DRX,DetonatioN FocusMe,2,1,Kiwoom DRX won,"Friday, July 17 4:30 PM IST Patch 13.01"
VCT 2026: Pacific Stage 2,Group Stage,Week 1,Rex Regum Qeon vs Global Esports,Rex Regum Qeon,Global Esports,0,2,Global Esports won,"Saturday, July 18 1:30 PM IST Patch 13.01"
VCT 2026: Pacific Stage 2,Group Stage,Week 1,Paper Rex vs T1,Paper Rex,T1,1,2,T1 won,"Saturday, July 18 4:05 PM IST Patch 13.01"
VCT 2026: Pacific Stage 2,Group Stage,Week 1,Nongshim RedForce vs Gen.G,Nongshim RedForce,Gen.G,1,2,Gen.G won,"Sunday, July 19 1:30 PM IST Patch 13.01"
VCT 2026: Pacific Stage 2,Group Stage,Week 1,Kiwoom DRX vs Team Secret,Kiwoom DRX,Team Secret,0,2,Team Secret won,"Sunday, July 19 4:35 PM IST Patch 13.01"
VCT 2026: Americas Stage 2,Group Stage,Week 1,LEVIATÁN vs FURIA,LEVIATÁN,FURIA,2,1,LEVIATÁN won,"Friday, July 17 2:30 AM IST Patch 13.01"
VCT 2026: Americas Stage 2,Group Stage,Week 1,Sentinels vs Cloud9,Sentinels,Cloud9,2,1,Sentinels won,"Friday, July 17 5:50 AM IST Patch 13.01"
VCT 2026: Americas Stage 2,Group Stage,Week 1,ENVY vs Evil Geniuses,ENVY,Evil Geniuses,0,2,Evil Geniuses won,"Saturday, July 18 2:30 AM IST Patch 13.01"
VCT 2026: Americas Stage 2,Group Stage,Week 1,KRÜ Esports vs LOUD,KRÜ Esports,LOUD,1,2,LOUD won,"Saturday, July 18 4:45 AM IST Patch 13.01"
VCT 2026: Americas Stage 2,Group Stage,Week 1,G2 Esports vs 100 Thieves,G2 Esports,100 Thieves,1,2,100 Thieves won,"Sunday, July 19 2:30 AM IST Patch 13.01"
VCT 2026: Americas Stage 2,Group Stage,Week 1,NRG vs MIBR,NRG,MIBR,2,1,NRG won,"Sunday, July 19 6:00 AM IST Patch 13.01"
VCT 2026: EMEA Stage 2,Group Stage,Week 1,FUT Esports vs Natus Vincere,FUT Esports,Natus Vincere,0,2,Natus Vincere won,"Wednesday, July 15 8:30 PM IST Patch 13.01"
VCT 2026: EMEA Stage 2,Group Stage,Week 1,Team Liquid vs Eternal Fire,Team Liquid,Eternal Fire,0,2,Eternal Fire won,"Wednesday, July 15 10:40 PM IST Patch 13.01"
VCT 2026: EMEA Stage 2,Group Stage,Week 1,FNATIC vs GIANTX,FNATIC,GIANTX,2,0,FNATIC won,"Thursday, July 16 8:30 PM IST Patch 13.01"
VCT 2026: EMEA Stage 2,Group Stage,Week 1,PCIFIC Esports vs Gentle Mates,PCIFIC Esports,Gentle Mates,1,2,Gentle Mates won,"Thursday, July 16 11:05 PM IST Patch 13.01"
VCT 2026: EMEA Stage 2,Group Stage,Week 1,Karmine Corp vs Eternal Fire,Karmine Corp,Eternal Fire,2,0,Karmine Corp won,"Friday, July 17 8:30 PM IST Patch 13.01"
VCT 2026: EMEA Stage 2,Group Stage,Week 1,Team Vitality vs Natus Vincere,Team Vitality,Natus Vincere,2,1,Team Vitality won,"Friday, July 17 10:55 PM IST Patch 13.01"
VCT 2026: EMEA Stage 2,Group Stage,Week 1,Gentle Mates vs FUT Esports,Gentle Mates,FUT Esports,0,2,FUT Esports won,"Saturday, July 18 8:30 PM IST Patch 13.01"
VCT 2026: EMEA Stage 2,Group Stage,Week 1,Team Heretics vs Team Liquid,Team Heretics,Team Liquid,0,2,Team Liquid won,"Saturday, July 18 10:55 PM IST Patch 13.01"
VCT 2026: EMEA Stage 2,Group Stage,Week 1,GIANTX vs Karmine Corp,GIANTX,Karmine Corp,0,2,Karmine Corp won,"Sunday, July 19 7:30 PM IST Patch 13.01"
VCT 2026: EMEA Stage 2,Group Stage,Week 1,Team Vitality vs BBL Esports,Team Vitality,BBL Esports,0,2,BBL Esports won,"Sunday, July 19 9:35 PM IST Patch 13.01"
VCT 2026: EMEA Stage 2,Group Stage,Week 2,FUT Esports vs PCIFIC Esports,FUT Esports,PCIFIC Esports,2,1,FUT Esports won,"Wednesday, July 22 8:30 PM IST Patch 13.01"
VCT 2026: EMEA Stage 2,Group Stage,Week 2,FNATIC vs Karmine Corp,FNATIC,Karmine Corp,2,1,FNATIC won,"Wednesday, July 22 11:45 PM IST Patch 13.01"
VCT 2026: Pacific Stage 2,Group Stage,Week 2,Global Esports vs FULL SENSE,Global Esports,FULL SENSE,2,0,Global Esports won,"Thursday, July 23 1:30 PM IST Patch 13.01"
VCT 2026: Pacific Stage 2,Group Stage,Week 2,T1 vs VARREL,T1,VARREL,0,2,VARREL won,"Thursday, July 23 3:30 PM IST Patch 13.01"
VCT 2026: Pacific Stage 2,Group Stage,Week 2,Rex Regum Qeon vs ZETA DIVISION,Rex Regum Qeon,ZETA DIVISION,0,2,ZETA DIVISION won,"Friday, July 24 1:30 PM IST Patch 13.01"
VCT 2026: Pacific Stage 2,Group Stage,Week 2,DetonatioN FocusMe vs Paper Rex,DetonatioN FocusMe,Paper Rex,0,2,Paper Rex won,"Friday, July 24 3:35 PM IST Patch 13.01"
VCT 2026: Pacific Stage 2,Group Stage,Week 2,Nongshim RedForce vs Global Esports,Nongshim RedForce,Global Esports,2,1,Nongshim RedForce won,"Saturday, July 25 1:30 PM IST Patch 13.01"
VCT 2026: Pacific Stage 2,Group Stage,Week 2,Team Secret vs T1,Team Secret,T1,0,2,T1 won,"Saturday, July 25 4:15 PM IST Patch 13.01"
VCT 2026: Pacific Stage 2,Group Stage,Week 2,Paper Rex vs Kiwoom DRX,Paper Rex,Kiwoom DRX,2,0,Paper Rex won,"Sunday, July 26 1:30 PM IST Patch 13.01"
VCT 2026: Pacific Stage 2,Group Stage,Week 2,Gen.G vs Rex Regum Qeon,Gen.G,Rex Regum Qeon,2,1,Gen.G won,"Sunday, July 26 3:20 PM IST Patch 13.01"
VCT 2026: Pacific Stage 2,Group Stage,Week 3,VARREL vs DetonatioN FocusMe,VARREL,DetonatioN FocusMe,1,2,DetonatioN FocusMe won,"Thursday, July 30 1:30 PM IST Patch 13.01"
VCT 2026: Pacific Stage 2,Group Stage,Week 3,FULL SENSE vs ZETA DIVISION,FULL SENSE,ZETA DIVISION,1,2,ZETA DIVISION won,"Thursday, July 30 4:45 PM IST Patch 13.01"
VCT 2026: Pacific Stage 2,Group Stage,Week 3,Team Secret vs Paper Rex,Team Secret,Paper Rex,0,2,Paper Rex won,"Friday, July 31 1:30 PM IST Patch 13.01"
VCT 2026: Pacific Stage 2,Group Stage,Week 3,Global Esports vs Gen.G,Global Esports,Gen.G,1,2,Gen.G won,"Friday, July 31 3:40 PM IST Patch 13.01"
VCT 2026: Pacific Stage 2,Group Stage,Week 3,T1 vs DetonatioN FocusMe,T1,DetonatioN FocusMe,1,2,DetonatioN FocusMe won,"Saturday, August 1 1:30 PM IST Patch 13.01"
VCT 2026: Pacific Stage 2,Group Stage,Week 3,FULL SENSE vs Rex Regum Qeon,FULL SENSE,Rex Regum Qeon,1,2,Rex Regum Qeon won,"Saturday, August 1 4:55 PM IST Patch 13.01"
VCT 2026: Pacific Stage 2,Group Stage,Week 3,VARREL vs Kiwoom DRX,VARREL,Kiwoom DRX,2,1,VARREL won,"Sunday, August 2 1:30 PM IST Patch 13.01"
VCT 2026: Pacific Stage 2,Group Stage,Week 3,ZETA DIVISION vs Nongshim RedForce,ZETA DIVISION,Nongshim RedForce,1,2,Nongshim RedForce won,"Sunday, August 2 4:30 PM IST Patch 13.01"
VCT 2026: Pacific Stage 2,Group Stage,Week 4,Team Secret vs DetonatioN FocusMe,Team Secret,DetonatioN FocusMe,0,2,DetonatioN FocusMe won,"Friday, August 7 1:30 PM IST Patch 13.01"
VCT 2026: Pacific Stage 2,Group Stage,Week 4,Gen.G vs FULL SENSE,Gen.G,FULL SENSE,2,1,Gen.G won,"Friday, August 7 3:45 PM IST Patch 13.01"
VCT 2026: Pacific Stage 2,Group Stage,Week 4,Kiwoom DRX vs T1,Kiwoom DRX,T1,0,2,T1 won,"Saturday, August 8 1:30 PM IST Patch 13.01"
VCT 2026: Pacific Stage 2,Group Stage,Week 4,Global Esports vs ZETA DIVISION,Global Esports,ZETA DIVISION,2,0,Global Esports won,"Saturday, August 8 3:40 PM IST Patch 13.01"
VCT 2026: Americas Stage 2,Group Stage,Week 2,Evil Geniuses vs LEVIATÁN,Evil Geniuses,LEVIATÁN,0,2,LEVIATÁN won,"Friday, July 24 2:30 AM IST Patch 13.01"
VCT 2026: Americas Stage 2,Group Stage,Week 2,ENVY vs MIBR,ENVY,MIBR,0,2,MIBR won,"Friday, July 24 4:35 AM IST Patch 13.01"
VCT 2026: Americas Stage 2,Group Stage,Week 2,FURIA vs NRG,FURIA,NRG,0,2,NRG won,"Saturday, July 25 2:30 AM IST Patch 13.01"
VCT 2026: Americas Stage 2,Group Stage,Week 2,100 Thieves vs KRÜ Esports,100 Thieves,KRÜ Esports,2,0,100 Thieves won,"Saturday, July 25 5:05 AM IST Patch 13.01"
VCT 2026: Americas Stage 2,Group Stage,Week 2,G2 Esports vs Cloud9,G2 Esports,Cloud9,2,0,G2 Esports won,"Sunday, July 26 2:30 AM IST Patch 13.01"
VCT 2026: Americas Stage 2,Group Stage,Week 2,Sentinels vs LOUD,Sentinels,LOUD,2,0,Sentinels won,"Sunday, July 26 4:25 AM IST Patch 13.01"
VCT 2026: Americas Stage 2,Group Stage,Week 2,ENVY vs LEVIATÁN,ENVY,LEVIATÁN,0,2,LEVIATÁN won,"Monday, July 27 2:30 AM IST Patch 13.01"
VCT 2026: Americas Stage 2,Group Stage,Week 2,FURIA vs MIBR,FURIA,MIBR,0,2,MIBR won,"Monday, July 27 4:30 AM IST Patch 13.01"
VCT 2026: Americas Stage 2,Group Stage,Week 3,KRÜ Esports vs G2 Esports,KRÜ Esports,G2 Esports,0,2,G2 Esports won,"Friday, July 31 2:30 AM IST Patch 13.01"
VCT 2026: Americas Stage 2,Group Stage,Week 3,100 Thieves vs Sentinels,100 Thieves,Sentinels,2,1,100 Thieves won,"Friday, July 31 4:50 AM IST Patch 13.01"
VCT 2026: Americas Stage 2,Group Stage,Week 3,Cloud9 vs LOUD,Cloud9,LOUD,1,2,LOUD won,"Saturday, August 1 2:30 AM IST Patch 13.01"
VCT 2026: Americas Stage 2,Group Stage,Week 3,Evil Geniuses vs MIBR,Evil Geniuses,MIBR,0,2,MIBR won,"Saturday, August 1 5:55 AM IST Patch 13.01"
VCT 2026: Americas Stage 2,Group Stage,Week 3,ENVY vs FURIA,ENVY,FURIA,2,1,ENVY won,"Sunday, August 2 2:30 AM IST Patch 13.01"
VCT 2026: Americas Stage 2,Group Stage,Week 3,LEVIATÁN vs NRG,LEVIATÁN,NRG,1,2,NRG won,"Sunday, August 2 6:30 AM IST Patch 13.01"
VCT 2026: Americas Stage 2,Group Stage,Week 3,Cloud9 vs KRÜ Esports,Cloud9,KRÜ Esports,2,0,Cloud9 won,"Monday, August 3 2:30 AM IST Patch 13.01"
VCT 2026: Americas Stage 2,Group Stage,Week 3,G2 Esports vs Sentinels,G2 Esports,Sentinels,2,1,G2 Esports won,"Monday, August 3 4:35 AM IST Patch 13.01"
VCT 2026: Americas Stage 2,Group Stage,Week 4,Evil Geniuses vs FURIA,Evil Geniuses,FURIA,2,0,Evil Geniuses won,"Friday, August 7 2:30 AM IST Patch 13.01"
VCT 2026: Americas Stage 2,Group Stage,Week 4,ENVY vs NRG,ENVY,NRG,0,2,NRG won,"Friday, August 7 4:45 AM IST Patch 13.01"
VCT 2026: Americas Stage 2,Group Stage,Week 4,100 Thieves vs Cloud9,100 Thieves,Cloud9,0,2,Cloud9 won,"Saturday, August 8 2:30 AM IST Patch 13.01"
VCT 2026: Americas Stage 2,Group Stage,Week 4,G2 Esports vs LOUD,G2 Esports,LOUD,0,2,LOUD won,"Saturday, August 8 5:10 AM IST Patch 13.01"
VCT 2026: EMEA Stage 2,Group Stage,Week 2,Eternal Fire vs Team Heretics,Eternal Fire,Team Heretics,0,2,Team Heretics won,"Thursday, July 23 8:30 PM IST Patch 13.01"
VCT 2026: EMEA Stage 2,Group Stage,Week 2,Gentle Mates vs Natus Vincere,Gentle Mates,Natus Vincere,2,0,Gentle Mates won,"Thursday, July 23 10:45 PM IST Patch 13.01"
VCT 2026: EMEA Stage 2,Group Stage,Week 2,FUT Esports vs BBL Esports,FUT Esports,BBL Esports,2,1,FUT Esports won,"Friday, July 24 8:30 PM IST Patch 13.01"
VCT 2026: EMEA Stage 2,Group Stage,Week 2,Team Liquid vs FNATIC,Team Liquid,FNATIC,2,0,Team Liquid won,"Friday, July 24 11:50 PM IST Patch 13.01"
VCT 2026: EMEA Stage 2,Group Stage,Week 2,PCIFIC Esports vs Team Vitality,PCIFIC Esports,Team Vitality,0,2,Team Vitality won,"Saturday, July 25 8:30 PM IST Patch 13.01"
VCT 2026: EMEA Stage 2,Group Stage,Week 2,Eternal Fire vs GIANTX,Eternal Fire,GIANTX,0,2,GIANTX won,"Saturday, July 25 10:30 PM IST Patch 13.01"
VCT 2026: EMEA Stage 2,Group Stage,Week 2,BBL Esports vs Natus Vincere,BBL Esports,Natus Vincere,2,1,BBL Esports won,"Sunday, July 26 8:30 PM IST Patch 13.01"
VCT 2026: EMEA Stage 2,Group Stage,Week 2,Team Heretics vs Karmine Corp,Team Heretics,Karmine Corp,0,2,Karmine Corp won,"Sunday, July 26 11:40 PM IST Patch 13.01"
VCT 2026: EMEA Stage 2,Group Stage,Week 3,GIANTX vs Team Liquid,GIANTX,Team Liquid,0,2,Team Liquid won,"Wednesday, July 29 8:30 PM IST Patch 13.01"
VCT 2026: EMEA Stage 2,Group Stage,Week 3,Gentle Mates vs Team Vitality,Gentle Mates,Team Vitality,1,2,Team Vitality won,"Wednesday, July 29 10:45 PM IST Patch 13.01"
VCT 2026: EMEA Stage 2,Group Stage,Week 3,Natus Vincere vs PCIFIC Esports,Natus Vincere,PCIFIC Esports,2,0,Natus Vincere won,"Thursday, July 30 8:30 PM IST Patch 13.01"
VCT 2026: EMEA Stage 2,Group Stage,Week 3,Eternal Fire vs FNATIC,Eternal Fire,FNATIC,2,0,Eternal Fire won,"Thursday, July 30 11:05 PM IST Patch 13.01"
VCT 2026: EMEA Stage 2,Group Stage,Week 3,BBL Esports vs Gentle Mates,BBL Esports,Gentle Mates,2,1,BBL Esports won,"Friday, July 31 8:30 PM IST Patch 13.01"
VCT 2026: EMEA Stage 2,Group Stage,Week 3,GIANTX vs Team Heretics,GIANTX,Team Heretics,0,2,Team Heretics won,"Saturday, August 1 1:00 AM IST Patch 13.01"
VCT 2026: EMEA Stage 2,Group Stage,Week 3,FUT Esports vs Team Vitality,FUT Esports,Team Vitality,1,2,Team Vitality won,"Saturday, August 1 8:30 PM IST Patch 13.01"
VCT 2026: EMEA Stage 2,Group Stage,Week 3,Karmine Corp vs Team Liquid,Karmine Corp,Team Liquid,2,1,Karmine Corp won,"Saturday, August 1 11:40 PM IST Patch 13.01"
VCT 2026: EMEA Stage 2,Group Stage,Week 3,BBL Esports vs PCIFIC Esports,BBL Esports,PCIFIC Esports,2,1,BBL Esports won,"Sunday, August 2 8:30 PM IST Patch 13.01"
VCT 2026: EMEA Stage 2,Group Stage,Week 3,FNATIC vs Team Heretics,FNATIC,Team Heretics,0,2,Team Heretics won,"Sunday, August 2 11:55 PM IST Patch 13.01"
VCT 2026: Pacific Stage 2,Group Stage,Week 4,VARREL vs Paper Rex,VARREL,Paper Rex,2,0,VARREL won,"Sunday, August 9 1:30 PM IST Patch 13.01"
VCT 2026: Pacific Stage 2,Group Stage,Week 4,Nongshim RedForce vs Rex Regum Qeon,Nongshim RedForce,Rex Regum Qeon,1,2,Rex Regum Qeon won,"Sunday, August 9 3:55 PM IST Patch 13.01"
VCT 2026: Americas Stage 2,Group Stage,Week 4,KRÜ Esports vs Sentinels,KRÜ Esports,Sentinels,2,1,KRÜ Esports won,"Sunday, August 9 2:30 AM IST Patch 13.01"
VCT 2026: Americas Stage 2,Group Stage,Week 4,LEVIATÁN vs MIBR,LEVIATÁN,MIBR,2,0,LEVIATÁN won,"Sunday, August 9 5:50 AM IST Patch 13.01"
VCT 2026: Americas Stage 2,Group Stage,Week 4,Evil Geniuses vs NRG,Evil Geniuses,NRG,0,2,NRG won,"Monday, August 10 2:30 AM IST Patch 13.01"
VCT 2026: Americas Stage 2,Group Stage,Week 4,LOUD vs 100 Thieves,LOUD,100 Thieves,0,2,100 Thieves won,"Monday, August 10 4:25 AM IST Patch 13.01"
VCT 2026: China Stage 2,Group Stage,Week 1,Dragon Ranger Gaming vs Titan Esports Club,Dragon Ranger Gaming,Titan Esports Club,2,1,Dragon Ranger Gaming won,"Saturday, July 11 1:30 PM IST"
VCT 2026: China Stage 2,Group Stage,Week 1,Bilibili Gaming vs Wolves Esports,Bilibili Gaming,Wolves Esports,2,1,Bilibili Gaming won,"Saturday, July 11 5:05 PM IST"
VCT 2026: China Stage 2,Group Stage,Week 1,Nova Esports vs FunPlus Phoenix,Nova Esports,FunPlus Phoenix,2,0,Nova Esports won,"Sunday, July 12 1:30 PM IST"
VCT 2026: China Stage 2,Group Stage,Week 1,TYLOO vs Trace Esports,TYLOO,Trace Esports,2,0,TYLOO won,"Sunday, July 12 3:40 PM IST"
VCT 2026: China Stage 2,Group Stage,Week 2,Wolves Esports vs All Gamers,Wolves Esports,All Gamers,0,2,All Gamers won,"Tuesday, July 14 2:30 PM IST"
VCT 2026: China Stage 2,Group Stage,Week 2,Xi Lai Gaming vs Titan Esports Club,Xi Lai Gaming,Titan Esports Club,1,2,Titan Esports Club won,"Tuesday, July 14 4:45 PM IST"
VCT 2026: China Stage 2,Group Stage,Week 2,JDG Esports vs FunPlus Phoenix,JDG Esports,FunPlus Phoenix,0,2,FunPlus Phoenix won,"Wednesday, July 15 2:30 PM IST"
VCT 2026: China Stage 2,Group Stage,Week 2,EDward Gaming vs TYLOO,EDward Gaming,TYLOO,1,2,TYLOO won,"Wednesday, July 15 4:50 PM IST"
VCT 2026: China Stage 2,Group Stage,Week 2,All Gamers vs Bilibili Gaming,All Gamers,Bilibili Gaming,1,2,Bilibili Gaming won,"Thursday, July 16 2:30 PM IST"
VCT 2026: China Stage 2,Group Stage,Week 2,Xi Lai Gaming vs Dragon Ranger Gaming,Xi Lai Gaming,Dragon Ranger Gaming,2,0,Xi Lai Gaming won,"Thursday, July 16 5:55 PM IST"
VCT 2026: China Stage 2,Group Stage,Week 2,Nova Esports vs JDG Esports,Nova Esports,JDG Esports,2,1,Nova Esports won,"Friday, July 17 12:30 PM IST"
VCT 2026: China Stage 2,Group Stage,Week 2,TYLOO vs FunPlus Phoenix,TYLOO,FunPlus Phoenix,2,1,TYLOO won,"Friday, July 17 3:30 PM IST"
VCT 2026: China Stage 2,Group Stage,Week 2,Trace Esports vs EDward Gaming,Trace Esports,EDward Gaming,0,2,EDward Gaming won,"Friday, July 17 7:00 PM IST"
VCT 2026: China Stage 2,Group Stage,Week 2,Titan Esports Club vs Bilibili Gaming,Titan Esports Club,Bilibili Gaming,1,2,Bilibili Gaming won,"Saturday, July 18 2:30 PM IST"
VCT 2026: China Stage 2,Group Stage,Week 2,All Gamers vs Xi Lai Gaming,All Gamers,Xi Lai Gaming,0,2,Xi Lai Gaming won,"Saturday, July 18 6:30 PM IST"
VCT 2026: China Stage 2,Group Stage,Week 2,Trace Esports vs Nova Esports,Trace Esports,Nova Esports,1,2,Nova Esports won,"Sunday, July 19 12:30 PM IST"
VCT 2026: China Stage 2,Group Stage,Week 2,Dragon Ranger Gaming vs Wolves Esports,Dragon Ranger Gaming,Wolves Esports,1,2,Wolves Esports won,"Sunday, July 19 3:55 PM IST"
VCT 2026: China Stage 2,Group Stage,Week 2,EDward Gaming vs JDG Esports,EDward Gaming,JDG Esports,2,0,EDward Gaming won,"Sunday, July 19 7:15 PM IST"
VCT 2026: China Stage 2,Group Stage,Week 3,Titan Esports Club vs All Gamers,Titan Esports Club,All Gamers,0,2,All Gamers won,"Monday, July 20 2:30 PM IST"
VCT 2026: China Stage 2,Group Stage,Week 3,Bilibili Gaming vs Xi Lai Gaming,Bilibili Gaming,Xi Lai Gaming,2,1,Bilibili Gaming won,"Monday, July 20 4:55 PM IST"
VCT 2026: China Stage 2,Group Stage,Week 3,JDG Esports vs Trace Esports,JDG Esports,Trace Esports,2,0,JDG Esports won,"Tuesday, July 21 2:30 PM IST"
VCT 2026: China Stage 2,Group Stage,Week 3,EDward Gaming vs Nova Esports,EDward Gaming,Nova Esports,0,2,Nova Esports won,"Tuesday, July 21 4:45 PM IST"
VCT 2026: China Stage 2,Group Stage,Week 3,Xi Lai Gaming vs Wolves Esports,Xi Lai Gaming,Wolves Esports,2,1,Xi Lai Gaming won,"Wednesday, July 22 2:30 PM IST"
VCT 2026: China Stage 2,Group Stage,Week 3,All Gamers vs Dragon Ranger Gaming,All Gamers,Dragon Ranger Gaming,2,1,All Gamers won,"Wednesday, July 22 5:50 PM IST"
VCT 2026: China Stage 2,Group Stage,Week 3,TYLOO vs Nova Esports,TYLOO,Nova Esports,0,2,Nova Esports won,"Thursday, July 23 2:30 PM IST"
VCT 2026: China Stage 2,Group Stage,Week 3,FunPlus Phoenix vs EDward Gaming,FunPlus Phoenix,EDward Gaming,1,2,EDward Gaming won,"Thursday, July 23 5:05 PM IST"
VCT 2026: China Stage 2,Group Stage,Seeding,Trace Esports vs Titan Esports Club,Trace Esports,Titan Esports Club,2,0,Trace Esports won,"Friday, July 24 2:30 PM IST"
VCT 2026: China Stage 2,Group Stage,Seeding,EDward Gaming vs All Gamers,EDward Gaming,All Gamers,2,0,EDward Gaming won,"Friday, July 24 5:05 PM IST"
VCT 2026: China Stage 2,Group Stage,Seeding,JDG Esports vs Dragon Ranger Gaming,JDG Esports,Dragon Ranger Gaming,1,2,Dragon Ranger Gaming won,"Saturday, July 25 2:30 PM IST"
VCT 2026: China Stage 2,Group Stage,Seeding,TYLOO vs Xi Lai Gaming,TYLOO,Xi Lai Gaming,0,2,Xi Lai Gaming won,"Saturday, July 25 6:05 PM IST"
VCT 2026: China Stage 2,Group Stage,Seeding,FunPlus Phoenix vs Wolves Esports,FunPlus Phoenix,Wolves Esports,2,0,FunPlus Phoenix won,"Sunday, July 26 2:30 PM IST"
VCT 2026: China Stage 2,Group Stage,Seeding,Nova Esports vs Bilibili Gaming,Nova Esports,Bilibili Gaming,2,0,Nova Esports won,"Sunday, July 26 5:00 PM IST"
VCT 2026: Pacific Stage 2,Playoffs,Upper Round 1,Paper Rex vs Nongshim RedForce,Paper Rex,Nongshim RedForce,0,2,Nongshim RedForce won,"Wednesday, August 26 1:30 PM IST Patch 13.04"
VCT 2026: Pacific Stage 2,Playoffs,Upper Round 1,Global Esports vs Kiwoom DRX,Global Esports,Kiwoom DRX,2,1,Global Esports won,"Wednesday, August 26 3:45 PM IST Patch 13.04"
VCT 2026: Americas Stage 2,Playoffs,Upper Round 1,LOUD vs FURIA,LOUD,FURIA,2,0,LOUD won,"Friday, August 28 2:30 AM IST Patch 13.04"
VCT 2026: Pacific Stage 2,Playoffs,Upper Semifinals,VARREL vs Global Esports,VARREL,Global Esports,0,2,Global Esports won,"Thursday, August 27 4:40 PM IST Patch 13.04"
VCT 2026: Pacific Stage 2,Playoffs,Lower Round 1,Paper Rex vs ONSIDE GAMING,Paper Rex,ONSIDE GAMING,2,0,Paper Rex won,"Friday, August 28 1:30 PM IST Patch 13.04"
VCT 2026: EMEA Stage 2,Playoffs,Upper Final,FUT Esports vs Karmine Corp,FUT Esports,Karmine Corp,0,2,Karmine Corp won,"Friday, August 28 7:30 PM IST Patch 13.04"
VCT 2026: EMEA Stage 2,Playoffs,Lower Round 3,Team Liquid vs Fire Flux Esports,Team Liquid,Fire Flux Esports,2,0,Team Liquid won,"Friday, August 28 10:00 PM IST Patch 13.04"
VCT 2026: Americas Stage 2,Playoffs,Upper Semifinals,NRG vs LOUD,NRG,LOUD,2,1,NRG won,"Saturday, August 29 2:30 AM IST Patch 13.04"
VCT 2026: Americas Stage 2,Playoffs,Upper Semifinals,100 Thieves vs LEVIATÁN,100 Thieves,LEVIATÁN,2,0,100 Thieves won,"Saturday, August 29 5:50 AM IST Patch 13.04"
VCT 2026: Pacific Stage 2,Playoffs,Lower Round 2,VARREL vs Paper Rex,VARREL,Paper Rex,2,1,VARREL won,"Saturday, August 29 1:30 PM IST Patch 13.04"
VCT 2026: EMEA Stage 2,Playoffs,Lower Final,FUT Esports vs Team Liquid,FUT Esports,Team Liquid,0,3,Team Liquid won,"Saturday, August 29 8:30 PM IST Patch 13.04"
VCT 2026: Pacific Stage 2,Playoffs,Lower Round 2,Gen.G vs T1,Gen.G,T1,0,2,T1 won,"Saturday, August 29 4:30 PM IST Patch 13.04"
VCT 2026: Americas Stage 2,Playoffs,Lower Round 1,MIBR vs Evil Geniuses,MIBR,Evil Geniuses,2,1,MIBR won,"Sunday, August 30 5:30 AM IST Patch 13.04"
VCT 2026: Americas Stage 2,Playoffs,Lower Round 2,LEVIATÁN vs G2 Esports,LEVIATÁN,G2 Esports,1,2,G2 Esports won,"Monday, August 31 2:30 AM IST Patch 13.04"
VCT 2026: Americas Stage 2,Playoffs,Lower Round 2,LOUD vs MIBR,LOUD,MIBR,2,0,LOUD won,"Monday, August 31 5:40 AM IST Patch 13.04"
VCT 2026: EMEA Stage 2,Playoffs,Grand Final,Karmine Corp vs Team Liquid,Karmine Corp,Team Liquid,3,1,Karmine Corp won,"Sunday, August 30 8:30 PM IST Patch 13.04"
VCT 2026: China Stage 2,Main Event,Play-Ins: Upper Round 1,Trace Esports vs A Team,Trace Esports,A Team,2,0,Trace Esports won,"Wednesday, August 5 1:30 PM IST"
VCT 2026: China Stage 2,Main Event,Play-Ins: Upper Round 1,Titan Esports Club vs KeepBest Gaming,Titan Esports Club,KeepBest Gaming,2,1,Titan Esports Club won,"Wednesday, August 5 3:30 PM IST"
VCT 2026: China Stage 2,Main Event,Play-Ins: Upper Quarterfinals,FunPlus Phoenix vs JDG Esports,FunPlus Phoenix,JDG Esports,1,2,JDG Esports won,"Thursday, August 6 1:30 PM IST"
VCT 2026: EMEA Stage 2,Main Event,Play-Ins: Upper Round 1,GIANTX vs Eintracht Frankfurt,GIANTX,Eintracht Frankfurt,2,1,GIANTX won,"Thursday, August 6 8:30 PM IST"
VCT 2026: EMEA Stage 2,Main Event,Play-Ins: Upper Round 1,Natus Vincere vs Joblife,Natus Vincere,Joblife,1,2,Joblife won,"Thursday, August 6 11:50 PM IST"
VCT 2026: China Stage 2,Main Event,Play-Ins: Upper Quarterfinals,All Gamers vs Trace Esports,All Gamers,Trace Esports,2,1,All Gamers won,"Friday, August 7 1:30 PM IST"
VCT 2026: China Stage 2,Main Event,Play-Ins: Upper Quarterfinals,EDward Gaming vs Titan Esports Club,EDward Gaming,Titan Esports Club,1,2,Titan Esports Club won,"Friday, August 7 4:30 PM IST"
VCT 2026: EMEA Stage 2,Main Event,Play-Ins: Upper Round 1,PCIFIC Esports vs Fire Flux Esports,PCIFIC Esports,Fire Flux Esports,0,2,Fire Flux Esports won,"Friday, August 7 8:30 PM IST"
VCT 2026: EMEA Stage 2,Main Event,Play-Ins: Upper Round 1,FNATIC vs Enterprise Esports,FNATIC,Enterprise Esports,1,2,Enterprise Esports won,"Friday, August 7 10:30 PM IST"
VCT 2026: China Stage 2,Main Event,Play-Ins: Lower Round 1,A Team vs Wolves Esports,A Team,Wolves Esports,1,2,Wolves Esports won,"Saturday, August 8 1:30 PM IST"
VCT 2026: China Stage 2,Main Event,Play-Ins: Lower Round 1,KeepBest Gaming vs FunPlus Phoenix,KeepBest Gaming,FunPlus Phoenix,0,2,FunPlus Phoenix won,"Saturday, August 8 5:05 PM IST"
VCT 2026: EMEA Stage 2,Main Event,Play-Ins: Upper Quarterfinals,FUT Esports vs GIANTX,FUT Esports,GIANTX,2,0,FUT Esports won,"Saturday, August 8 8:30 PM IST"
VCT 2026: EMEA Stage 2,Main Event,Play-Ins: Upper Quarterfinals,Eternal Fire vs Joblife,Eternal Fire,Joblife,2,1,Eternal Fire won,"Saturday, August 8 10:30 PM IST"
VCT 2026: China Stage 2,Main Event,Play-Ins: Lower Round 2,EDward Gaming vs Wolves Esports,EDward Gaming,Wolves Esports,2,1,EDward Gaming won,"Sunday, August 9 1:30 PM IST"
VCT 2026: EMEA Stage 2,Main Event,Play-Ins: Upper Quarterfinals,Team Heretics vs Fire Flux Esports,Team Heretics,Fire Flux Esports,1,2,Fire Flux Esports won,"Sunday, August 9 8:30 PM IST"
VCT 2026: EMEA Stage 2,Main Event,Play-Ins: Upper Quarterfinals,Gentle Mates vs Enterprise Esports,Gentle Mates,Enterprise Esports,0,2,Enterprise Esports won,"Sunday, August 9 11:35 PM IST"
VCT 2026: China Stage 2,Main Event,Play-Ins: Upper Semifinals,All Gamers vs JD Gaming,All Gamers,JD Gaming,2,0,All Gamers won,"Monday, August 10 1:30 PM IST"
VCT 2026: China Stage 2,Main Event,Play-Ins: Lower Round 3,JD Gaming vs EDward Gaming,JD Gaming,EDward Gaming,2,0,JD Gaming won,"Tuesday, August 11 1:30 PM IST"
VCT 2026: China Stage 2,Main Event,Play-Ins: Lower Round 3,Dragon Ranger Gaming vs Trace Esports,Dragon Ranger Gaming,Trace Esports,1,2,Trace Esports won,"Tuesday, August 11 3:35 PM IST"
VCT 2026: China Stage 2,Main Event,Play-Ins: Upper Final,All Gamers vs Titan Esports Club,All Gamers,Titan Esports Club,1,2,Titan Esports Club won,"Wednesday, August 12 1:30 PM IST"
VCT 2026: China Stage 2,Main Event,Play-Ins: Lower Final,JD Gaming vs Trace Esports,JD Gaming,Trace Esports,0,2,Trace Esports won,"Wednesday, August 12 5:15 PM IST"
VCT 2026: EMEA Stage 2,Main Event,Play-Ins: Lower Round 1,Gentle Mates vs Eintracht Frankfurt,Gentle Mates,Eintracht Frankfurt,0,2,Eintracht Frankfurt won,"Wednesday, August 12 8:30 PM IST"
VCT 2026: EMEA Stage 2,Main Event,Play-Ins: Lower Round 1,Team Heretics vs Natus Vincere,Team Heretics,Natus Vincere,2,1,Team Heretics won,"Wednesday, August 12 10:55 PM IST"
VCT 2026: Pacific Stage 2,Main Event,Play-Ins: Upper Round 1,Kiwoom DRX vs ONSIDE GAMING,Kiwoom DRX,ONSIDE GAMING,2,0,Kiwoom DRX won,"Thursday, August 13 1:30 PM IST"
VCT 2026: Pacific Stage 2,Main Event,Play-Ins: Upper Round 1,Rex Regum Qeon vs Sharper Esports,Rex Regum Qeon,Sharper Esports,1,2,Sharper Esports won,"Thursday, August 13 3:55 PM IST"
VCT 2026: EMEA Stage 2,Main Event,Play-Ins: Lower Round 1,Joblife vs PCIFIC Esports,Joblife,PCIFIC Esports,2,1,Joblife won,"Thursday, August 13 8:30 PM IST"
VCT 2026: EMEA Stage 2,Main Event,Play-Ins: Lower Round 1,GIANTX vs FNATIC,GIANTX,FNATIC,0,2,FNATIC won,"Thursday, August 13 11:30 PM IST"
VCT 2026: Americas Stage 2,Main Event,Play-Ins: Upper Round 1,KRÜ Esports vs BESTIA,KRÜ Esports,BESTIA,2,1,KRÜ Esports won,"Friday, August 14 2:30 AM IST"
VCT 2026: Americas Stage 2,Main Event,Play-Ins: Upper Round 1,ENVY vs M80,ENVY,M80,2,0,ENVY won,"Friday, August 14 5:25 AM IST"
VCT 2026: China Stage 2,Playoffs,Upper Quarterfinals,Nova Esports vs JD Gaming,Nova Esports,JD Gaming,0,2,JD Gaming won,"Friday, August 14 1:30 PM IST"
VCT 2026: Pacific Stage 2,Main Event,Play-Ins: Upper Round 1,FULL SENSE vs QT DIG∞,FULL SENSE,QT DIG∞,2,1,FULL SENSE won,"Friday, August 14 1:30 PM IST"
VCT 2026: China Stage 2,Playoffs,Upper Quarterfinals,TYLOO vs Titan Esports Club,TYLOO,Titan Esports Club,2,0,TYLOO won,"Friday, August 14 4:00 PM IST"
VCT 2026: Pacific Stage 2,Main Event,Play-Ins: Upper Round 1,Team Secret vs Xipto Esports,Team Secret,Xipto Esports,2,0,Team Secret won,"Friday, August 14 4:15 PM IST"
VCT 2026: EMEA Stage 2,Main Event,Play-Ins: Lower Round 2,Eintracht Frankfurt vs Team Heretics,Eintracht Frankfurt,Team Heretics,2,0,Eintracht Frankfurt won,"Friday, August 14 8:30 PM IST"
VCT 2026: EMEA Stage 2,Main Event,Play-Ins: Lower Round 2,Joblife vs FNATIC,Joblife,FNATIC,2,0,Joblife won,"Friday, August 14 11:00 PM IST"
VCT 2026: Americas Stage 2,Main Event,Play-Ins: Upper Round 1,FURIA vs 2Game Esports,FURIA,2Game Esports,2,1,FURIA won,"Saturday, August 15 2:30 AM IST"
VCT 2026: Americas Stage 2,Main Event,Play-Ins: Upper Round 1,Cloud9 vs Fluxo W7M,Cloud9,Fluxo W7M,2,1,Cloud9 won,"Saturday, August 15 5:50 AM IST"
VCT 2026: China Stage 2,Playoffs,Upper Quarterfinals,Bilibili Gaming vs Trace Esports,Bilibili Gaming,Trace Esports,2,1,Bilibili Gaming won,"Saturday, August 15 1:30 PM IST"
VCT 2026: Pacific Stage 2,Main Event,Play-Ins: Upper Quarterfinals,ZETA DIVISION vs Kiwoom DRX,ZETA DIVISION,Kiwoom DRX,1,2,Kiwoom DRX won,"Saturday, August 15 1:30 PM IST"
VCT 2026: Pacific Stage 2,Main Event,Play-Ins: Upper Quarterfinals,DetonatioN FocusMe vs Sharper Esports,DetonatioN FocusMe,Sharper Esports,1,2,Sharper Esports won,"Saturday, August 15 4:50 PM IST"
VCT 2026: China Stage 2,Playoffs,Upper Quarterfinals,Xi Lai Gaming vs All Gamers,Xi Lai Gaming,All Gamers,2,1,Xi Lai Gaming won,"Saturday, August 15 5:00 PM IST"
VCT 2026: EMEA Stage 2,Main Event,Play-Ins: Upper Semifinals,Fire Flux Esports vs Enterprise Esports,Fire Flux Esports,Enterprise Esports,0,2,Enterprise Esports won,"Saturday, August 15 8:30 PM IST"
VCT 2026: EMEA Stage 2,Main Event,Play-Ins: Upper Semifinals,FUT Esports vs Eternal Fire,FUT Esports,Eternal Fire,2,0,FUT Esports won,"Saturday, August 15 11:00 PM IST"
VCT 2026: Americas Stage 2,Main Event,Play-Ins: Upper Quarterfinals,MIBR vs KRÜ Esports,MIBR,KRÜ Esports,2,0,MIBR won,"Sunday, August 16 2:30 AM IST"
VCT 2026: Americas Stage 2,Main Event,Play-Ins: Upper Quarterfinals,Sentinels vs ENVY,Sentinels,ENVY,0,2,ENVY won,"Sunday, August 16 4:35 AM IST"
VCT 2026: China Stage 2,Playoffs,Lower Round 1,Titan Esports Club vs Nova Esports,Titan Esports Club,Nova Esports,0,2,Nova Esports won,"Sunday, August 16 1:30 PM IST"
VCT 2026: Pacific Stage 2,Main Event,Play-Ins: Upper Quarterfinals,T1 vs FULL SENSE,T1,FULL SENSE,2,0,T1 won,"Sunday, August 16 1:30 PM IST"
VCT 2026: Pacific Stage 2,Main Event,Play-Ins: Upper Quarterfinals,Nongshim RedForce vs Team Secret,Nongshim RedForce,Team Secret,2,0,Nongshim RedForce won,"Sunday, August 16 3:20 PM IST"
VCT 2026: EMEA Stage 2,Main Event,Play-Ins: Lower Round 3,Eternal Fire vs Eintracht Frankfurt,Eternal Fire,Eintracht Frankfurt,0,2,Eintracht Frankfurt won,"Sunday, August 16 6:30 PM IST"
VCT 2026: EMEA Stage 2,Main Event,Play-Ins: Lower Round 3,Fire Flux Esports vs Joblife,Fire Flux Esports,Joblife,2,0,Fire Flux Esports won,"Sunday, August 16 8:40 PM IST"
VCT 2026: Americas Stage 2,Main Event,Play-Ins: Upper Quarterfinals,G2 Esports vs FURIA,G2 Esports,FURIA,1,2,FURIA won,"Monday, August 17 2:30 AM IST"
VCT 2026: Americas Stage 2,Main Event,Play-Ins: Upper Quarterfinals,Evil Geniuses vs Cloud9,Evil Geniuses,Cloud9,2,1,Evil Geniuses won,"Monday, August 17 6:10 AM IST"
VCT 2026: China Stage 2,Playoffs,Upper Semifinals,TYLOO vs JD Gaming,TYLOO,JD Gaming,1,2,JD Gaming won,"Wednesday, August 19 1:30 PM IST"
VCT 2026: Pacific Stage 2,Main Event,Play-Ins: Lower Round 1,Team Secret vs ONSIDE GAMING,Team Secret,ONSIDE GAMING,0,2,ONSIDE GAMING won,"Wednesday, August 19 1:30 PM IST"
VCT 2026: Pacific Stage 2,Main Event,Play-Ins: Lower Round 1,FULL SENSE vs Rex Regum Qeon,FULL SENSE,Rex Regum Qeon,2,1,FULL SENSE won,"Wednesday, August 19 3:55 PM IST"
VCT 2026: China Stage 2,Playoffs,Upper Semifinals,Xi Lai Gaming vs Bilibili Gaming,Xi Lai Gaming,Bilibili Gaming,1,2,Bilibili Gaming won,"Wednesday, August 19 5:15 PM IST"
VCT 2026: Americas Stage 2,Main Event,Play-Ins: Lower Round 1,Cloud9 vs BESTIA,Cloud9,BESTIA,0,2,BESTIA won,"Thursday, August 20 2:30 AM IST"
VCT 2026: Americas Stage 2,Main Event,Play-Ins: Lower Round 1,G2 Esports vs M80,G2 Esports,M80,2,0,G2 Esports won,"Thursday, August 20 4:50 AM IST"
VCT 2026: China Stage 2,Playoffs,Lower Round 2,TYLOO vs All Gamers,TYLOO,All Gamers,2,0,TYLOO won,"Thursday, August 20 1:30 PM IST"
VCT 2026: Pacific Stage 2,Main Event,Play-Ins: Lower Round 1,DetonatioN FocusMe vs QT DIG∞,DetonatioN FocusMe,QT DIG∞,2,1,DetonatioN FocusMe won,"Thursday, August 20 1:30 PM IST"
VCT 2026: China Stage 2,Playoffs,Lower Round 2,Xi Lai Gaming vs Nova Esports,Xi Lai Gaming,Nova Esports,1,2,Nova Esports won,"Thursday, August 20 4:05 PM IST"
VCT 2026: Pacific Stage 2,Main Event,Play-Ins: Lower Round 1,ZETA DIVISION vs Xipto Esports,ZETA DIVISION,Xipto Esports,2,1,ZETA DIVISION won,"Thursday, August 20 4:30 PM IST"
VCT 2026: EMEA Stage 2,Playoffs,Upper Round 1,Team Vitality vs Enterprise Esports,Team Vitality,Enterprise Esports,1,2,Enterprise Esports won,"Thursday, August 20 8:30 PM IST"
VCT 2026: EMEA Stage 2,Playoffs,Upper Round 1,Team Liquid vs FUT Esports,Team Liquid,FUT Esports,0,2,FUT Esports won,"Thursday, August 20 11:30 PM IST"
VCT 2026: Americas Stage 2,Main Event,Play-Ins: Lower Round 1,Sentinels vs 2Game Esports,Sentinels,2Game Esports,2,0,Sentinels won,"Friday, August 21 2:30 AM IST"
VCT 2026: Americas Stage 2,Main Event,Play-Ins: Lower Round 1,KRÜ Esports vs Fluxo W7M,KRÜ Esports,Fluxo W7M,2,0,KRÜ Esports won,"Friday, August 21 5:00 AM IST"
VCT 2026: China Stage 2,Playoffs,Upper Final,JD Gaming vs Bilibili Gaming,JD Gaming,Bilibili Gaming,2,0,JD Gaming won,"Friday, August 21 1:30 PM IST"
VCT 2026: Pacific Stage 2,Main Event,Play-Ins: Upper Semifinals,Kiwoom DRX vs Sharper Esports,Kiwoom DRX,Sharper Esports,2,1,Kiwoom DRX won,"Friday, August 21 1:30 PM IST"
VCT 2026: Pacific Stage 2,Main Event,Play-Ins: Upper Semifinals,T1 vs Nongshim RedForce,T1,Nongshim RedForce,0,2,Nongshim RedForce won,"Friday, August 21 4:55 PM IST"
VCT 2026: EMEA Stage 2,Playoffs,Upper Semifinals,Karmine Corp vs Enterprise Esports,Karmine Corp,Enterprise Esports,2,1,Karmine Corp won,"Friday, August 21 8:30 PM IST"
VCT 2026: EMEA Stage 2,Playoffs,Upper Semifinals,BBL Esports vs FUT Esports,BBL Esports,FUT Esports,1,2,FUT Esports won,"Friday, August 21 11:45 PM IST"
VCT 2026: Americas Stage 2,Main Event,Play-Ins: Upper Semifinals,MIBR vs ENVY,MIBR,ENVY,2,1,MIBR won,"Saturday, August 22 2:30 AM IST"
VCT 2026: Americas Stage 2,Main Event,Play-Ins: Upper Semifinals,FURIA vs Evil Geniuses,FURIA,Evil Geniuses,2,1,FURIA won,"Saturday, August 22 5:30 AM IST"
VCT 2026: China Stage 2,Playoffs,Lower Final,Bilibili Gaming vs TYLOO,Bilibili Gaming,TYLOO,0,3,TYLOO won,"Saturday, August 22 1:30 PM IST"
VCT 2026: Pacific Stage 2,Main Event,Play-Ins: Lower Round 2,ONSIDE GAMING vs FULL SENSE,ONSIDE GAMING,FULL SENSE,2,0,ONSIDE GAMING won,"Saturday, August 22 1:30 PM IST"
VCT 2026: Pacific Stage 2,Main Event,Play-Ins: Lower Round 2,DetonatioN FocusMe vs ZETA DIVISION,DetonatioN FocusMe,ZETA DIVISION,2,0,DetonatioN FocusMe won,"Saturday, August 22 3:40 PM IST"
VCT 2026: EMEA Stage 2,Playoffs,Lower Round 1,Team Liquid vs Eintracht Frankfurt,Team Liquid,Eintracht Frankfurt,2,1,Team Liquid won,"Saturday, August 22 7:30 PM IST"
VCT 2026: EMEA Stage 2,Playoffs,Lower Round 1,Team Vitality vs Fire Flux Esports,Team Vitality,Fire Flux Esports,1,2,Fire Flux Esports won,"Saturday, August 22 10:00 PM IST"
VCT 2026: Americas Stage 2,Main Event,Play-Ins: Lower Round 2,BESTIA vs G2 Esports,BESTIA,G2 Esports,0,2,G2 Esports won,"Sunday, August 23 2:30 AM IST"
VCT 2026: Americas Stage 2,Main Event,Play-Ins: Lower Round 2,Sentinels vs KRÜ Esports,Sentinels,KRÜ Esports,0,2,KRÜ Esports won,"Sunday, August 23 4:40 AM IST"
VCT 2026: Pacific Stage 2,Main Event,Play-Ins: Lower Round 3,Sharper Esports vs ONSIDE GAMING,Sharper Esports,ONSIDE GAMING,1,2,ONSIDE GAMING won,"Sunday, August 23 1:30 PM IST"
VCT 2026: Pacific Stage 2,Main Event,Play-Ins: Lower Round 3,T1 vs DetonatioN FocusMe,T1,DetonatioN FocusMe,2,0,T1 won,"Sunday, August 23 4:30 PM IST"
VCT 2026: EMEA Stage 2,Playoffs,Lower Round 2,Enterprise Esports vs Team Liquid,Enterprise Esports,Team Liquid,0,2,Team Liquid won,"Sunday, August 23 7:30 PM IST"
VCT 2026: EMEA Stage 2,Playoffs,Lower Round 2,BBL Esports vs Fire Flux Esports,BBL Esports,Fire Flux Esports,0,2,Fire Flux Esports won,"Sunday, August 23 9:45 PM IST"
VCT 2026: Americas Stage 2,Main Event,Play-Ins: Lower Round 3,ENVY vs G2 Esports,ENVY,G2 Esports,1,2,G2 Esports won,"Monday, August 24 2:30 AM IST"
VCT 2026: Americas Stage 2,Main Event,Play-Ins: Lower Round 3,Evil Geniuses vs KRÜ Esports,Evil Geniuses,KRÜ Esports,2,1,Evil Geniuses won,"Monday, August 24 5:50 AM IST"
Valorant Masters Santiago 2026,Swiss Stage,Round 1,Gentle Mates vs EDward Gaming,Gentle Mates,EDward Gaming,2,0,Gentle Mates won,
Valorant Masters Santiago 2026,Swiss Stage,Round 1,Xi Lai Gaming vs NRG,Xi Lai Gaming,NRG,0,2,NRG won,
Valorant Masters Santiago 2026,Swiss Stage,Round 1,G2 Esports vs Paper Rex,G2 Esports,Paper Rex,0,2,Paper Rex won,
Valorant Masters Santiago 2026,Swiss Stage,Round 1,T1 vs Team Liquid,T1,Team Liquid,0,2,Team Liquid won,
Valorant Masters Santiago 2026,Swiss Stage,Round 2 (1-0),Paper Rex vs NRG,Paper Rex,NRG,2,1,Paper Rex won,
Valorant Masters Santiago 2026,Swiss Stage,Round 2 (1-0),Gentle Mates vs Team Liquid,Gentle Mates,Team Liquid,2,0,Gentle Mates won,
Valorant Masters Santiago 2026,Swiss Stage,Round 2 (0-1),EDward Gaming vs T1,EDward Gaming,T1,0,2,T1 won,
Valorant Masters Santiago 2026,Swiss Stage,Round 2 (0-1),Xi Lai Gaming vs G2 Esports,Xi Lai Gaming,G2 Esports,0,2,G2 Esports won,
Valorant Masters Santiago 2026,Swiss Stage,Round 3,NRG vs Team Liquid,NRG,Team Liquid,2,0,NRG won,
Valorant Masters Santiago 2026,Swiss Stage,Round 3,G2 Esports vs T1,G2 Esports,T1,2,0,G2 Esports won,
Valorant Masters London 2026,Swiss Stage,Round 1,Team Vitality vs Dragon Ranger Gaming,Team Vitality,Dragon Ranger Gaming,2,0,Team Vitality won,
Valorant Masters London 2026,Swiss Stage,Round 1,FULL SENSE vs FUT Esports,FULL SENSE,FUT Esports,0,2,FUT Esports won,
Valorant Masters London 2026,Swiss Stage,Round 1,LEVIATÁN vs Global Esports,LEVIATÁN,Global Esports,2,1,LEVIATÁN won,
Valorant Masters London 2026,Swiss Stage,Round 1,Xi Lai Gaming vs NRG,Xi Lai Gaming,NRG,0,2,NRG won,
Valorant Masters London 2026,Swiss Stage,Round 2 (1-0),Team Vitality vs FUT Esports,Team Vitality,FUT Esports,2,1,Team Vitality won,
Valorant Masters London 2026,Swiss Stage,Round 2 (1-0),NRG vs LEVIATÁN,NRG,LEVIATÁN,1,2,LEVIATÁN won,
Valorant Masters London 2026,Swiss Stage,Round 2 (0-1),Dragon Ranger Gaming vs Xi Lai Gaming,Dragon Ranger Gaming,Xi Lai Gaming,1,2,Xi Lai Gaming won,
Valorant Masters London 2026,Swiss Stage,Round 2 (0-1),Global Esports vs FULL SENSE,Global Esports,FULL SENSE,2,1,Global Esports won,
Valorant Masters London 2026,Swiss Stage,Round 3 (1-1),Global Esports vs Xi Lai Gaming,Global Esports,Xi Lai Gaming,1,2,Xi Lai Gaming won,
Valorant Masters London 2026,Swiss Stage,Round 3 (1-1),FUT Esports vs NRG,FUT Esports,NRG,2,1,FUT Esports won,
Valorant Masters Santiago 2026,Playoffs,Upper Quarterfinals,FURIA vs Paper Rex,FURIA,Paper Rex,1,2,Paper Rex won,
Valorant Masters Santiago 2026,Playoffs,Upper Quarterfinals,Nongshim RedForce vs Gentle Mates,Nongshim RedForce,Gentle Mates,2,0,Nongshim RedForce won,
Valorant Masters Santiago 2026,Playoffs,Upper Quarterfinals,BBL Esports vs NRG,BBL Esports,NRG,1,2,NRG won,
Valorant Masters Santiago 2026,Playoffs,Upper Quarterfinals,All Gamers vs G2 Esports,All Gamers,G2 Esports,0,2,G2 Esports won,
Valorant Masters Santiago 2026,Playoffs,Lower Round 1,FURIA vs BBL Esports,FURIA,BBL Esports,1,2,BBL Esports won,
Valorant Masters Santiago 2026,Playoffs,Lower Round 1,Gentle Mates vs All Gamers,Gentle Mates,All Gamers,1,2,All Gamers won,
Valorant Masters Santiago 2026,Playoffs,Upper Semifinals,Nongshim RedForce vs G2 Esports,Nongshim RedForce,G2 Esports,2,1,Nongshim RedForce won,
Valorant Masters Santiago 2026,Playoffs,Upper Semifinals,Paper Rex vs NRG,Paper Rex,NRG,0,2,NRG won,
Valorant Masters Santiago 2026,Playoffs,Lower Round 2,G2 Esports vs BBL Esports,G2 Esports,BBL Esports,2,0,G2 Esports won,
Valorant Masters Santiago 2026,Playoffs,Lower Round 2,Paper Rex vs All Gamers,Paper Rex,All Gamers,2,1,Paper Rex won,
Valorant Masters Santiago 2026,Playoffs,Upper Final,Nongshim RedForce vs NRG,Nongshim RedForce,NRG,2,0,Nongshim RedForce won,
Valorant Masters Santiago 2026,Playoffs,Lower Round 3,Paper Rex vs G2 Esports,Paper Rex,G2 Esports,2,1,Paper Rex won,
Valorant Masters Santiago 2026,Playoffs,Lower Final,NRG vs Paper Rex,NRG,Paper Rex,1,3,Paper Rex won,
Valorant Masters Santiago 2026,Playoffs,Grand Final,Nongshim RedForce vs Paper Rex,Nongshim RedForce,Paper Rex,3,0,Nongshim RedForce won,
Valorant Masters London 2026,Playoffs,Upper Quarterfinals,G2 Esports vs Xi Lai Gaming,G2 Esports,Xi Lai Gaming,1,2,Xi Lai Gaming won,
Valorant Masters London 2026,Playoffs,Upper Quarterfinals,EDward Gaming vs FUT Esports,EDward Gaming,FUT Esports,2,1,EDward Gaming won,
Valorant Masters London 2026,Playoffs,Upper Quarterfinals,Paper Rex vs LEVIATÁN,Paper Rex,LEVIATÁN,2,0,Paper Rex won,
Valorant Masters London 2026,Playoffs,Upper Quarterfinals,Team Heretics vs Team Vitality,Team Heretics,Team Vitality,0,2,Team Vitality won,
Valorant Masters London 2026,Playoffs,Lower Round 1,G2 Esports vs FUT Esports,G2 Esports,FUT Esports,0,2,FUT Esports won,
Valorant Masters London 2026,Playoffs,Lower Round 1,LEVIATÁN vs Team Heretics,LEVIATÁN,Team Heretics,2,1,LEVIATÁN won,
Valorant Masters London 2026,Playoffs,Upper Semifinals,Xi Lai Gaming vs EDward Gaming,Xi Lai Gaming,EDward Gaming,1,2,EDward Gaming won,
Valorant Masters London 2026,Playoffs,Upper Semifinals,Paper Rex vs Team Vitality,Paper Rex,Team Vitality,2,1,Paper Rex won,
Valorant Masters London 2026,Playoffs,Lower Round 2,Team Vitality vs FUT Esports,Team Vitality,FUT Esports,2,0,Team Vitality won,
Valorant Masters London 2026,Playoffs,Lower Round 2,Xi Lai Gaming vs LEVIATÁN,Xi Lai Gaming,LEVIATÁN,0,2,LEVIATÁN won,
Valorant Masters London 2026,Playoffs,Upper Final,EDward Gaming vs Paper Rex,EDward Gaming,Paper Rex,1,2,Paper Rex won,
Valorant Masters London 2026,Playoffs,Lower Round 3,Team Vitality vs LEVIATÁN,Team Vitality,LEVIATÁN,0,2,LEVIATÁN won,
Valorant Masters London 2026,Playoffs,Lower Final,EDward Gaming vs LEVIATÁN,EDward Gaming,LEVIATÁN,0,3,LEVIATÁN won,
Esports World Cup 2026,Group Stage,Opening (A),Rex Regum Qeon vs 100 Thieves,Rex Regum Qeon,100 Thieves,0,2,100 Thieves won,"Thursday, July 2 4:30 PM IST Patch 13.0"
Esports World Cup 2026,Group Stage,Opening (A),BBL Esports vs EDward Gaming,BBL Esports,EDward Gaming,2,1,BBL Esports won,"Thursday, July 2 4:30 PM IST Patch 13.0"
Esports World Cup 2026,Group Stage,Winner's (A),100 Thieves vs BBL Esports,100 Thieves,BBL Esports,2,1,100 Thieves won,"Saturday, July 4 4:30 PM IST Patch 13.0"
Esports World Cup 2026,Group Stage,Elimination (A),Rex Regum Qeon vs EDward Gaming,Rex Regum Qeon,EDward Gaming,0,2,EDward Gaming won,"Saturday, July 4 4:30 PM IST Patch 13.0"
Esports World Cup 2026,Group Stage,Decider (A),BBL Esports vs EDward Gaming,BBL Esports,EDward Gaming,2,0,BBL Esports won,"Monday, July 6 4:30 PM IST Patch 13.0"
Esports World Cup 2026,Group Stage,Opening (B),Team Vitality vs Karmine Corp,Team Vitality,Karmine Corp,2,0,Team Vitality won,"Thursday, July 2 8:30 PM IST Patch 13.0"
Esports World Cup 2026,Group Stage,Opening (B),NRG vs Paper Rex,NRG,Paper Rex,2,1,NRG won,"Thursday, July 2 9:20 PM IST Patch 13.0"
Esports World Cup 2026,Group Stage,Winner's (B),Team Vitality vs NRG,Team Vitality,NRG,2,1,Team Vitality won,"Saturday, July 4 6:40 PM IST Patch 13.0"
Esports World Cup 2026,Group Stage,Elimination (B),Karmine Corp vs Paper Rex,Karmine Corp,Paper Rex,2,1,Karmine Corp won,"Saturday, July 4 8:00 PM IST Patch 13.0"
Esports World Cup 2026,Group Stage,Decider (B),NRG vs Karmine Corp,NRG,Karmine Corp,2,1,NRG won,"Monday, July 6 6:35 PM IST Patch 13.0"
Esports World Cup 2026,Group Stage,Opening (C),Gentle Mates vs Xi Lai Gaming,Gentle Mates,Xi Lai Gaming,2,1,Gentle Mates won,"Friday, July 3 6:30 PM IST Patch 13.0"
Esports World Cup 2026,Group Stage,Opening (C),Nongshim RedForce vs G2 Esports,Nongshim RedForce,G2 Esports,2,1,Nongshim RedForce won,"Friday, July 3 8:00 PM IST Patch 13.0"
Esports World Cup 2026,Group Stage,Winner's (C),Gentle Mates vs Nongshim RedForce,Gentle Mates,Nongshim RedForce,2,1,Gentle Mates won,"Sunday, July 5 6:45 PM IST Patch 13.0"
Esports World Cup 2026,Group Stage,Elimination (C),Xi Lai Gaming vs G2 Esports,Xi Lai Gaming,G2 Esports,0,2,G2 Esports won,"Sunday, July 5 6:55 PM IST Patch 13.0"
Esports World Cup 2026,Group Stage,Opening (D),MIBR vs Global Esports,MIBR,Global Esports,2,0,MIBR won,"Friday, July 3 4:30 PM IST Patch 13.0"
Esports World Cup 2026,Group Stage,Opening (D),All Gamers vs Team Heretics,All Gamers,Team Heretics,1,2,Team Heretics won,"Friday, July 3 4:30 PM IST Patch 13.0"
Esports World Cup 2026,Group Stage,Winner's (D),MIBR vs Team Heretics,MIBR,Team Heretics,0,2,Team Heretics won,"Sunday, July 5 4:30 PM IST Patch 13.0"
Esports World Cup 2026,Group Stage,Elimination (D),Global Esports vs All Gamers,Global Esports,All Gamers,0,2,All Gamers won,"Sunday, July 5 4:30 PM IST Patch 13.0"
Esports World Cup 2026,Group Stage,Decider (D),MIBR vs All Gamers,MIBR,All Gamers,2,1,MIBR won,"Tuesday, July 7 4:30 PM IST Patch 13.0"
Esports World Cup 2026,Playoffs,Quarterfinals,100 Thieves vs MIBR,100 Thieves,MIBR,2,1,100 Thieves won,"Friday, July 10 7:35 PM IST Patch 13.0"
Esports World Cup 2026,Playoffs,Quarterfinals,Team Vitality vs Nongshim RedForce,Team Vitality,Nongshim RedForce,1,2,Nongshim RedForce won,"Friday, July 10 4:30 PM IST Patch 13.0"
Esports World Cup 2026,Playoffs,Quarterfinals,Team Heretics vs BBL Esports,Team Heretics,BBL Esports,1,2,BBL Esports won,"Thursday, July 9 4:30 PM IST Patch 13.0"
Esports World Cup 2026,Playoffs,Quarterfinals,Gentle Mates vs NRG,Gentle Mates,NRG,1,2,NRG won,"Thursday, July 9 8:25 PM IST Patch 13.0"
Esports World Cup 2026,Playoffs,Semifinals,100 Thieves vs Nongshim RedForce,100 Thieves,Nongshim RedForce,2,1,100 Thieves won,"Saturday, July 11 4:30 PM IST Patch 13.0"
Esports World Cup 2026,Playoffs,Semifinals,BBL Esports vs NRG,BBL Esports,NRG,1,2,NRG won,"Saturday, July 11 7:55 PM IST Patch 13.0"
Esports World Cup 2026,Playoffs,Grand Final,100 Thieves vs NRG,100 Thieves,NRG,3,1,100 Thieves won,"Sunday, July 12 7:15 PM IST Patch 13.0"
Esports World Cup 2026,Playoffs,Consolation Final,Nongshim RedForce vs BBL Esports,Nongshim RedForce,BBL Esports,2,0,Nongshim RedForce won,"Sunday, July 12 4:30 PM IST Patch 13.0"
